mission_id,drone_id,mission_date,mission_start_time,manufacturer,mission_type,battery_health_pct,battery_start_pct,wind_speed_mps,signal_strength_pct,gps_accuracy_m,payload_utilization_pct,maintenance_due,days_since_last_service,operator_experience_years,maintenance_risk,wind_risk,signal_risk,gps_risk,battery_risk,start_battery_risk,payload_risk,service_risk,ai_schedule_risk_score,schedule_priority
MSN-2026-007855,DRN-0736,2026-07-08,13:04:24,Parrot,Stockpile Measurement,98.41,98.62,0.86,89.09,0.25,8.2,No,2,6.9,0,0.05733333333333333,0.0,0.0,0.0,0.0,0.08199999999999999,0.016666666666666666,2.084,High priority / low risk
MSN-2021-008771,DRN-0221,2021-11-30,12:46:56,Custom,Safety Monitoring,94.49,81.27,0.89,87.35,0.25,0.88,No,11,5.9,0,0.059333333333333335,0.0,0.0,0.0,0.0,0.0088,0.09166666666666666,2.2923999999999998,High priority / low risk
MSN-2023-007939,DRN-0584,2023-03-02,03:28:10,Parrot,Crop Health Survey,94.79,96.95,1.04,90.07,0.35,14.53,No,1,0.5,0,0.06933333333333333,0.0,0.0,0.0,0.0,0.14529999999999998,0.008333333333333333,2.771066666666666,High priority / low risk
MSN-2025-001039,DRN-0477,2025-10-20,22:56:32,DJI,Safety Monitoring,91.97,81.04,1.13,88.58,0.4,5.14,No,10,5.2,0,0.07533333333333332,0.0,0.0,0.0,0.0,0.051399999999999994,0.08333333333333333,2.9018666666666664,High priority / low risk
MSN-2021-012237,DRN-0549,2021-11-14,05:45:37,Parrot,Search and Rescue,100.0,87.38,1.51,99.84,0.55,4.87,No,2,7.5,0,0.10066666666666667,0.0,0.020000000000000018,0.0,0.0,0.0487,0.016666666666666666,3.050933333333334,High priority / low risk
MSN-2022-001526,DRN-0343,2022-05-21,11:26:19,Parrot,Bridge Inspection,94.02,84.13,1.06,86.61,0.58,1.41,No,12,2.9,0,0.07066666666666667,0.0,0.03199999999999999,0.0,0.0,0.0141,0.1,3.115466666666667,High priority / low risk
MSN-2026-005941,DRN-0624,2026-02-03,18:15:11,DJI,Tower Inspection,93.27,90.23,1.83,88.04,0.23,1.37,No,4,3.2,0,0.12200000000000001,0.0,0.0,0.0,0.0,0.0137,0.03333333333333333,3.1269333333333336,High priority / low risk
MSN-2025-003805,DRN-0688,2025-01-18,16:02:10,Custom,Network Site Survey,92.3,94.89,0.67,87.4,0.41,19.22,No,9,4.6,0,0.04466666666666667,0.0,0.0,0.0,0.0,0.19219999999999998,0.075,3.2702666666666667,High priority / low risk
MSN-2025-003343,DRN-0550,2025-09-17,07:13:06,Parrot,Field Mapping,93.57,93.89,0.68,95.37,0.24,19.37,No,10,1.3,0,0.04533333333333334,0.0,0.0,0.0,0.0,0.1937,0.08333333333333333,3.380266666666667,High priority / low risk
MSN-2023-011839,DRN-0511,2023-12-10,13:23:47,DJI,Solar Farm Inspection,92.01,78.24,0.59,96.44,0.33,9.31,No,18,5.2,0,0.03933333333333333,0.0,0.0,0.0,0.0352000000000001,0.0931,0.15,3.391733333333334,High priority / low risk
MSN-2024-006489,DRN-0338,2024-09-19,16:57:35,Custom,Warehouse Transfer,96.57,91.7,1.01,92.02,0.28,25.06,No,1,5.2,0,0.06733333333333333,0.0,0.0,0.0,0.0,0.2506,0.008333333333333333,3.5694666666666666,High priority / low risk
MSN-2026-003310,DRN-0665,2026-05-28,02:01:17,Autel,Crop Health Survey,92.85,85.3,1.59,93.42,0.26,1.24,No,14,1.9,0,0.10600000000000001,0.0,0.0,0.0,0.0,0.0124,0.11666666666666667,3.5978666666666674,High priority / low risk
MSN-2024-005118,DRN-0540,2024-10-02,10:45:51,Custom,Site Survey,97.54,82.52,1.36,89.85,0.34,8.66,No,11,6.7,0,0.09066666666666667,0.0,0.0,0.0,0.0,0.0866,0.09166666666666666,3.6041333333333334,High priority / low risk
MSN-2022-005059,DRN-0145,2022-10-11,10:09:23,DJI,Crop Health Survey,92.95,79.49,1.48,91.39,0.48,14.98,No,3,3.5,0,0.09866666666666667,0.0,0.0,0.0,0.010200000000000103,0.14980000000000002,0.025,3.700666666666667,High priority / low risk
MSN-2021-010468,DRN-0183,2021-09-06,15:44:41,Custom,Tower Inspection,95.9,91.46,1.89,98.05,0.34,2.44,No,9,6.3,0,0.126,0.0,0.0,0.0,0.0,0.024399999999999998,0.075,3.7171999999999996,High priority / low risk
MSN-2021-005520,DRN-0451,2021-09-22,20:05:02,DJI,Emergency Response,91.74,93.16,0.91,89.41,0.2,14.12,No,18,5.9,0,0.06066666666666667,0.0,0.0,0.0,0.0,0.1412,0.15,3.9642666666666666,High priority / low risk
MSN-2023-009566,DRN-0228,2023-01-22,02:34:50,Custom,Bridge Inspection,92.79,91.34,0.87,93.58,0.39,30.83,No,3,6.8,0,0.058,0.0,0.0,0.0,0.0,0.30829999999999996,0.025,3.9924,High priority / low risk
MSN-2025-010154,DRN-0700,2025-11-20,20:40:23,Parrot,Tower Inspection,91.41,98.33,0.78,92.17,0.41,9.69,No,26,7.1,0,0.052000000000000005,0.0,0.0,0.0,0.0,0.0969,0.21666666666666667,4.085866666666667,High priority / low risk
MSN-2024-014317,DRN-0463,2024-07-17,14:06:26,Parrot,Wind Turbine Inspection,88.9,92.64,0.6,94.66,0.55,3.45,No,26,3.0,0,0.04,0.0,0.020000000000000018,0.03666666666666648,0.0,0.0345,0.21666666666666667,4.115999999999998,High priority / low risk
MSN-2023-010303,DRN-0226,2023-08-09,02:49:03,Custom,Stockpile Measurement,98.62,79.8,1.02,85.86,0.87,6.45,No,0,6.3,0,0.068,0.0,0.148,0.0,0.0040000000000000565,0.0645,0.0,4.1160000000000005,High priority / low risk
MSN-2023-006208,DRN-0404,2023-04-26,16:52:01,Parrot,Power Line Inspection,95.61,89.16,1.22,98.18,0.58,9.58,No,14,0.6,0,0.08133333333333333,0.0,0.03199999999999999,0.0,0.0,0.0958,0.11666666666666667,4.1704,High priority / low risk
MSN-2023-003263,DRN-0616,2023-01-05,08:33:02,Autel,Crop Health Survey,96.25,95.89,2.01,96.37,0.15,11.29,No,4,7.6,0,0.13399999999999998,0.0,0.0,0.0,0.0,0.11289999999999999,0.03333333333333333,4.1845333333333325,High priority / low risk
MSN-2025-005450,DRN-0104,2025-06-24,19:37:09,Parrot,Wind Turbine Inspection,90.67,94.8,1.24,96.23,0.16,0.16,No,29,1.0,0,0.08266666666666667,0.0,0.0,0.0,0.0,0.0016,0.24166666666666667,4.2481333333333335,High priority / low risk
MSN-2022-001254,DRN-0248,2022-02-06,08:58:12,Autel,Perimeter Surveillance,93.63,92.66,0.76,84.19,0.27,9.51,No,25,1.0,0,0.050666666666666665,0.020250000000000056,0.0,0.0,0.0,0.0951,0.20833333333333334,4.323300000000001,High priority / low risk
MSN-2023-003056,DRN-0329,2023-06-09,14:33:49,Custom,Warehouse Transfer,92.36,85.64,1.44,94.19,0.51,7.21,No,19,0.6,0,0.096,0.0,0.0040000000000000036,0.0,0.0,0.0721,0.15833333333333333,4.328133333333334,High priority / low risk
MSN-2024-005359,DRN-0127,2024-01-19,03:40:33,Custom,Safety Monitoring,95.14,92.43,1.45,98.57,0.44,16.29,No,11,3.1,0,0.09666666666666666,0.0,0.0,0.0,0.0,0.1629,0.09166666666666666,4.3465333333333325,High priority / low risk
MSN-2022-004603,DRN-0382,2022-03-15,14:28:12,Autel,Field Mapping,91.73,85.56,1.06,96.01,0.66,20.79,No,3,2.2,0,0.07066666666666667,0.0,0.06400000000000002,0.0,0.0,0.2079,0.025,4.3638666666666674,High priority / low risk
MSN-2023-004654,DRN-0363,2023-10-08,03:30:19,Autel,Road Survey,100.0,94.94,1.79,93.08,0.8,1.68,No,1,5.4,0,0.11933333333333333,0.0,0.12000000000000002,0.0,0.0,0.0168,0.008333333333333333,4.523066666666667,High priority / low risk
MSN-2022-001441,DRN-0519,2022-08-14,23:16:44,Autel,Search and Rescue,91.76,79.27,1.34,80.95,0.38,7.18,No,1,7.0,0,0.08933333333333333,0.10124999999999992,0.0,0.0,0.01460000000000008,0.0718,0.008333333333333333,4.562366666666666,High priority / low risk
MSN-2025-007392,DRN-0259,2025-04-09,11:13:00,Autel,Power Line Inspection,96.15,84.51,1.35,90.66,0.73,1.89,No,14,8.0,0,0.09000000000000001,0.0,0.092,0.0,0.0,0.0189,0.11666666666666667,4.585866666666667,High priority / low risk
MSN-2023-002226,DRN-0434,2023-03-06,20:00:09,Parrot,Power Line Inspection,90.88,84.77,2.11,95.08,0.55,3.62,No,12,5.0,0,0.14066666666666666,0.0,0.020000000000000018,0.0,0.0,0.0362,0.1,4.664266666666667,High priority / low risk
MSN-2024-010016,DRN-0347,2024-12-31,07:08:05,DJI,Search and Rescue,100.0,94.08,0.55,79.57,0.26,16.81,No,1,2.0,0,0.03666666666666667,0.13575000000000018,0.0,0.0,0.0,0.1681,0.008333333333333333,4.678300000000003,High priority / low risk
MSN-2026-010692,DRN-0299,2026-04-13,07:15:18,DJI,Safety Monitoring,90.11,92.76,0.72,87.44,0.75,6.42,No,21,8.5,0,0.048,0.0,0.1,0.0,0.0,0.0642,0.175,4.7196,High priority / low risk
MSN-2022-002750,DRN-0199,2022-08-17,07:25:54,DJI,Tower Inspection,96.11,78.13,0.79,87.71,0.27,9.72,No,30,6.9,0,0.05266666666666667,0.0,0.0,0.0,0.03740000000000009,0.09720000000000001,0.25,4.735466666666667,High priority / low risk
MSN-2025-007784,DRN-0384,2025-08-25,04:05:03,DJI,Warehouse Transfer,89.4,82.98,2.1,82.76,0.26,3.67,No,1,0.6,0,0.14,0.05599999999999987,0.0,0.01999999999999981,0.0,0.036699999999999997,0.008333333333333333,4.744933333333329,High priority / low risk
MSN-2024-008909,DRN-0749,2024-05-04,13:00:28,Custom,Wind Turbine Inspection,89.82,93.17,0.82,87.15,0.51,3.02,No,38,7.3,0,0.05466666666666666,0.0,0.0040000000000000036,0.006000000000000227,0.0,0.0302,0.31666666666666665,4.750933333333337,High priority / low risk
MSN-2022-001443,DRN-0536,2022-01-22,05:39:58,Custom,Site Survey,98.1,83.65,1.62,87.06,0.4,1.6,No,27,1.2,0,0.10800000000000001,0.0,0.0,0.0,0.0,0.016,0.225,4.7540000000000004,High priority / low risk
MSN-2026-005364,DRN-0621,2026-06-07,00:24:16,Custom,Crop Health Survey,90.02,89.76,0.85,83.62,0.31,16.44,No,19,6.8,0,0.056666666666666664,0.034499999999999885,0.0,0.0,0.0,0.16440000000000002,0.15833333333333333,4.766199999999998,High priority / low risk
MSN-2023-000767,DRN-0589,2023-06-14,11:08:46,Custom,Tower Inspection,87.91,86.57,0.61,87.47,0.28,32.61,No,4,1.1,0,0.04066666666666666,0.0,0.0,0.06966666666666678,0.0,0.3261,0.03333333333333333,4.812133333333335,High priority / low risk
MSN-2021-005707,DRN-0656,2021-10-21,12:55:17,Parrot,Tower Inspection,90.8,80.54,1.21,90.32,0.75,2.05,No,18,8.0,0,0.08066666666666666,0.0,0.1,0.0,0.0,0.020499999999999997,0.15,4.838666666666668,High priority / low risk
MSN-2026-001653,DRN-0362,2026-03-09,23:03:35,Custom,Emergency Response,96.7,80.62,2.45,83.52,0.26,4.12,No,3,2.4,0,0.16333333333333336,0.0370000000000001,0.0,0.0,0.0,0.0412,0.025,4.838933333333336,High priority / low risk
MSN-2022-001752,DRN-0317,2022-04-20,14:17:27,DJI,Bridge Inspection,85.41,78.88,0.7,87.79,0.36,17.71,No,1,5.1,0,0.04666666666666666,0.0,0.0,0.1530000000000001,0.02240000000000009,0.1771,0.008333333333333333,4.8480000000000025,High priority / low risk
MSN-2024-006446,DRN-0383,2024-12-13,12:54:42,Parrot,Bridge Inspection,95.31,96.1,1.47,92.29,0.25,2.56,No,30,8.0,0,0.098,0.0,0.0,0.0,0.0,0.0256,0.25,4.8608,High priority / low risk
MSN-2024-004839,DRN-0517,2024-10-23,13:34:28,Custom,Precision Spraying,100.0,96.47,1.43,97.75,0.47,23.22,No,11,7.3,0,0.09533333333333333,0.0,0.0,0.0,0.0,0.2322,0.09166666666666666,4.8716,High priority / low risk
MSN-2025-001247,DRN-0655,2025-10-08,02:47:03,Autel,Field Mapping,98.61,83.57,1.11,98.48,0.16,14.05,No,26,2.3,0,0.07400000000000001,0.0,0.0,0.0,0.0,0.1405,0.21666666666666667,4.918666666666667,High priority / low risk
MSN-2024-004104,DRN-0189,2024-03-26,07:23:56,Custom,Perimeter Surveillance,95.61,81.73,1.3,83.44,0.41,7.37,No,21,3.3,0,0.08666666666666667,0.039000000000000055,0.0,0.0,0.0,0.0737,0.175,4.948266666666667,High priority / low risk
MSN-2023-012480,DRN-0392,2023-03-02,10:35:48,Autel,Road Survey,87.67,93.94,1.26,91.33,0.69,5.82,No,6,1.2,0,0.084,0.0,0.07599999999999998,0.0776666666666666,0.0,0.0582,0.05,4.964933333333333,High priority / low risk
MSN-2022-006250,DRN-0520,2022-06-12,21:12:07,Parrot,Network Site Survey,100.0,96.95,0.57,97.66,0.33,9.63,No,41,3.1,0,0.038,0.0,0.0,0.0,0.0,0.09630000000000001,0.3416666666666667,5.023066666666668,High priority / low risk
MSN-2023-007086,DRN-0173,2023-08-12,07:42:26,Parrot,Thermal Inspection,93.89,83.72,1.66,86.78,0.76,13.61,No,1,2.2,0,0.11066666666666666,0.0,0.10400000000000001,0.0,0.0,0.1361,0.008333333333333333,5.062800000000001,High priority / low risk
MSN-2021-010540,DRN-0481,2021-09-22,00:48:37,Autel,Network Site Survey,87.34,88.21,0.86,87.07,0.41,6.32,No,25,2.8,0,0.05733333333333333,0.0,0.0,0.08866666666666655,0.0,0.0632,0.20833333333333334,5.091599999999999,High priority / low risk
MSN-2026-007115,DRN-0698,2026-05-08,18:36:29,DJI,Road Survey,93.04,79.74,1.43,88.74,0.39,2.73,No,33,5.7,0,0.09533333333333333,0.0,0.0,0.0,0.005200000000000102,0.0273,0.275,5.107333333333335,High priority / low risk
MSN-2025-013493,DRN-0689,2025-04-29,05:01:39,Autel,Perimeter Surveillance,91.97,82.99,1.74,90.94,0.44,28.89,No,3,7.7,0,0.116,0.0,0.0,0.0,0.0,0.2889,0.025,5.1132,High priority / low risk
MSN-2022-009764,DRN-0343,2022-05-21,14:21:07,Autel,Thermal Inspection,88.62,93.49,1.07,83.09,0.46,9.99,No,15,6.4,0,0.07133333333333333,0.04774999999999992,0.0,0.04599999999999985,0.0,0.0999,0.125,5.12203333333333,High priority / low risk
MSN-2022-012238,DRN-0578,2022-09-30,07:28:16,Custom,Stockpile Measurement,87.81,91.69,1.66,91.1,0.36,2.31,No,18,1.4,0,0.11066666666666666,0.0,0.0,0.07299999999999993,0.0,0.0231,0.15,5.141466666666665,High priority / low risk
MSN-2025-005362,DRN-0377,2025-01-23,20:01:17,Custom,Emergency Response,96.37,95.67,1.16,91.94,0.93,3.6,No,9,0.5,0,0.07733333333333332,0.0,0.17200000000000001,0.0,0.0,0.036000000000000004,0.075,5.147333333333334,High priority / low risk
MSN-2021-001466,DRN-0721,2021-07-04,17:54:56,Custom,Search and Rescue,89.94,82.54,1.97,83.29,0.36,7.18,No,11,2.4,0,0.13133333333333333,0.042749999999999844,0.0,0.002000000000000076,0.0,0.0718,0.09166666666666666,5.1778999999999975,High priority / low risk
MSN-2024-011680,DRN-0676,2024-08-19,16:16:51,DJI,Perimeter Surveillance,95.58,94.73,0.83,98.6,0.21,3.68,No,44,4.0,0,0.05533333333333333,0.0,0.0,0.0,0.0,0.0368,0.36666666666666664,5.1784,High priority / low risk
MSN-2021-014048,DRN-0748,2021-03-22,09:31:35,Autel,Network Site Survey,87.16,82.33,0.63,94.57,0.39,22.27,No,14,3.0,0,0.042,0.0,0.0,0.09466666666666677,0.0,0.2227,0.11666666666666667,5.197600000000001,High priority / low risk
MSN-2023-005254,DRN-0444,2023-10-16,02:03:22,Custom,Search and Rescue,96.32,84.69,3.0,85.29,0.21,8.03,No,2,5.6,0,0.2,0.0,0.0,0.0,0.0,0.0803,0.016666666666666666,5.209066666666667,High priority / low risk
MSN-2022-004798,DRN-0587,2022-05-05,20:26:11,Autel,Solar Farm Inspection,96.41,91.24,1.71,90.38,0.34,3.59,No,29,0.8,0,0.114,0.0,0.0,0.0,0.0,0.0359,0.24166666666666667,5.211866666666667,High priority / low risk
MSN-2023-009472,DRN-0532,2023-12-21,16:17:09,DJI,Power Line Inspection,90.1,99.43,0.93,89.25,0.42,20.19,No,27,7.1,0,0.062000000000000006,0.0,0.0,0.0,0.0,0.20190000000000002,0.225,5.2292000000000005,High priority / low risk
MSN-2022-000642,DRN-0176,2022-01-27,21:55:03,Custom,Road Survey,98.67,79.03,2.63,93.39,0.38,1.68,No,13,2.9,0,0.1753333333333333,0.0,0.0,0.0,0.019399999999999976,0.0168,0.10833333333333334,5.230266666666665,High priority / low risk
MSN-2021-008252,DRN-0504,2021-05-02,20:03:01,DJI,Stockpile Measurement,94.41,88.23,0.9,95.19,0.8,16.87,No,11,3.2,0,0.060000000000000005,0.0,0.12000000000000002,0.0,0.0,0.16870000000000002,0.09166666666666666,5.2662666666666675,High priority / low risk
MSN-2021-008810,DRN-0427,2021-11-21,18:21:17,Parrot,Site Survey,89.03,79.26,2.25,92.25,0.29,17.69,No,0,4.8,0,0.15,0.0,0.0,0.0323333333333333,0.014799999999999898,0.1769,0.0,5.286266666666665,High priority / low risk
MSN-2022-001195,DRN-0401,2022-04-28,20:13:02,DJI,Solar Farm Inspection,93.34,89.5,1.25,92.49,0.87,15.36,No,2,7.2,0,0.08333333333333333,0.0,0.148,0.0,0.0,0.1536,0.016666666666666666,5.3008,High priority / low risk
MSN-2022-007306,DRN-0116,2022-06-24,03:54:14,DJI,Warehouse Transfer,93.63,88.4,0.65,85.18,0.47,29.35,No,24,0.6,0,0.043333333333333335,0.0,0.0,0.0,0.0,0.29350000000000004,0.2,5.301333333333334,High priority / low risk
MSN-2026-002779,DRN-0592,2026-05-18,13:08:01,Autel,Network Site Survey,92.83,90.29,1.01,85.87,0.4,8.94,No,38,8.5,0,0.06733333333333333,0.0,0.0,0.0,0.0,0.0894,0.31666666666666665,5.3632,High priority / low risk
MSN-2023-000462,DRN-0758,2023-02-13,20:34:28,DJI,Stockpile Measurement,99.46,97.32,1.3,92.33,0.29,30.61,No,13,0.7,0,0.08666666666666667,0.0,0.0,0.0,0.0,0.3061,0.10833333333333334,5.4388,High priority / low risk
MSN-2021-005404,DRN-0696,2021-06-15,22:57:24,Parrot,Crop Health Survey,93.53,97.13,0.7,86.09,1.11,2.15,No,10,1.6,0,0.04666666666666666,0.0,0.24400000000000005,0.0,0.0,0.0215,0.08333333333333333,5.448,High priority / low risk
MSN-2026-009646,DRN-0393,2026-02-15,08:47:55,Autel,Construction Progress,97.04,82.66,1.13,90.95,0.45,23.6,No,23,3.7,0,0.07533333333333332,0.0,0.0,0.0,0.0,0.23600000000000002,0.19166666666666668,5.462,High priority / low risk
MSN-2025-009105,DRN-0150,2025-09-24,08:26:18,Custom,Precision Spraying,91.31,88.78,1.41,95.46,0.33,26.01,No,16,3.9,0,0.094,0.0,0.0,0.0,0.0,0.2601,0.13333333333333333,5.4821333333333335,High priority / low risk
MSN-2024-013409,DRN-0620,2024-02-25,21:13:00,DJI,Network Site Survey,94.92,84.8,1.66,90.17,0.79,12.47,No,6,4.9,0,0.11066666666666666,0.0,0.11600000000000002,0.0,0.0,0.1247,0.05,5.556266666666668,High priority / low risk
MSN-2026-010941,DRN-0530,2026-02-23,18:53:28,Parrot,Safety Monitoring,98.11,91.88,1.62,93.97,0.54,9.02,No,27,6.6,0,0.10800000000000001,0.0,0.016000000000000014,0.0,0.0,0.0902,0.225,5.571600000000002,High priority / low risk
MSN-2021-011021,DRN-0736,2021-04-01,15:41:02,DJI,Thermal Inspection,88.4,84.83,1.41,97.18,0.52,14.48,No,18,4.3,0,0.094,0.0,0.008000000000000007,0.05333333333333314,0.0,0.1448,0.15,5.585066666666664,High priority / low risk
MSN-2021-001139,DRN-0275,2021-10-28,10:01:51,Autel,Search and Rescue,92.03,82.21,1.4,89.38,0.52,23.07,No,19,1.4,0,0.09333333333333332,0.0,0.008000000000000007,0.0,0.0,0.23070000000000002,0.15833333333333333,5.594266666666667,High priority / low risk
MSN-2021-012627,DRN-0755,2021-12-27,18:06:58,Parrot,Solar Farm Inspection,96.89,94.81,1.75,82.31,0.59,11.28,No,5,1.0,0,0.11666666666666667,0.06724999999999995,0.03599999999999999,0.0,0.0,0.1128,0.041666666666666664,5.600233333333334,High priority / low risk
MSN-2023-011956,DRN-0652,2023-08-09,09:38:27,Custom,Safety Monitoring,92.0,99.57,1.12,80.66,0.39,18.93,No,6,2.5,0,0.07466666666666667,0.10850000000000008,0.0,0.0,0.0,0.1893,0.05,5.610066666666667,High priority / low risk
MSN-2024-013307,DRN-0697,2024-03-25,18:31:14,DJI,Thermal Inspection,90.39,93.08,2.43,84.92,0.5,13.96,No,11,2.9,0,0.162,0.0019999999999999575,0.0,0.0,0.0,0.1396,0.09166666666666666,5.633466666666666,High priority / low risk
MSN-2024-002456,DRN-0126,2024-10-22,13:01:00,Autel,Solar Farm Inspection,89.97,85.0,1.37,90.57,0.72,18.31,No,11,0.7,0,0.09133333333333334,0.0,0.088,0.001000000000000038,0.0,0.18309999999999998,0.09166666666666666,5.636800000000002,High priority / low risk
MSN-2022-002821,DRN-0549,2022-05-30,04:29:43,DJI,Tower Inspection,90.94,90.69,0.65,83.97,0.93,19.05,No,5,4.3,0,0.043333333333333335,0.02575000000000003,0.17200000000000001,0.0,0.0,0.1905,0.041666666666666664,5.765500000000001,High priority / low risk
MSN-2023-006311,DRN-0745,2023-07-31,21:08:49,Custom,Safety Monitoring,90.18,85.52,1.68,88.49,0.39,16.41,No,24,3.9,0,0.112,0.0,0.0,0.0,0.0,0.1641,0.2,5.776800000000001,High priority / low risk
MSN-2024-009172,DRN-0730,2024-02-21,10:35:19,DJI,Network Site Survey,90.51,92.35,1.82,90.46,0.76,6.14,No,14,6.9,0,0.12133333333333333,0.0,0.10400000000000001,0.0,0.0,0.061399999999999996,0.11666666666666667,5.7832,High priority / low risk
MSN-2023-011161,DRN-0354,2023-04-22,23:28:36,Autel,Stockpile Measurement,96.63,95.74,3.0,94.1,0.34,14.2,No,3,7.0,0,0.2,0.0,0.0,0.0,0.0,0.142,0.025,5.7860000000000005,High priority / low risk
MSN-2023-002315,DRN-0695,2023-02-16,22:39:33,DJI,Solar Farm Inspection,88.29,97.56,1.37,85.31,0.19,7.07,No,29,0.5,0,0.09133333333333334,0.0,0.0,0.056999999999999794,0.0,0.0707,0.24166666666666667,5.789599999999997,High priority / low risk
MSN-2025-012825,DRN-0329,2025-02-04,14:21:55,Autel,Crop Health Survey,96.49,90.49,1.32,85.0,0.3,3.46,No,43,6.8,0,0.08800000000000001,0.0,0.0,0.0,0.0,0.0346,0.35833333333333334,5.796133333333334,High priority / low risk
MSN-2025-012168,DRN-0129,2025-07-21,11:42:16,Parrot,Power Line Inspection,98.06,95.38,0.95,98.18,0.86,16.4,No,13,4.3,0,0.06333333333333332,0.0,0.144,0.0,0.0,0.16399999999999998,0.10833333333333334,5.804666666666667,High priority / low risk
MSN-2021-003889,DRN-0664,2021-02-05,22:04:38,Custom,Field Mapping,91.35,93.84,0.56,80.73,0.29,6.54,No,31,5.5,0,0.037333333333333336,0.1067499999999999,0.0,0.0,0.0,0.0654,0.25833333333333336,5.849366666666665,High priority / low risk
MSN-2023-006453,DRN-0133,2023-10-06,09:10:52,Parrot,Stockpile Measurement,99.28,87.68,1.95,93.34,0.44,10.59,No,26,4.4,0,0.13,0.0,0.0,0.0,0.0,0.1059,0.21666666666666667,5.873866666666667,High priority / low risk
MSN-2021-005785,DRN-0773,2021-12-18,15:24:44,Custom,Safety Monitoring,95.28,92.77,2.16,92.45,0.33,19.28,No,14,7.7,0,0.14400000000000002,0.0,0.0,0.0,0.0,0.1928,0.11666666666666667,5.877066666666667,High priority / low risk
MSN-2021-002709,DRN-0636,2021-10-24,15:02:32,Autel,Stockpile Measurement,86.9,95.19,0.9,86.58,0.52,18.81,No,18,2.5,0,0.060000000000000005,0.0,0.008000000000000007,0.10333333333333314,0.0,0.1881,0.15,5.883466666666664,High priority / low risk
MSN-2023-006717,DRN-0548,2023-12-25,23:17:26,Custom,Precision Spraying,91.2,97.1,2.68,96.05,0.29,16.1,No,8,8.4,0,0.17866666666666667,0.0,0.0,0.0,0.0,0.161,0.06666666666666667,5.885333333333334,High priority / low risk
MSN-2022-004160,DRN-0152,2022-11-08,12:56:26,Custom,Road Survey,93.22,81.81,1.26,84.56,1.04,9.01,No,2,8.2,0,0.084,0.010999999999999944,0.21600000000000003,0.0,0.0,0.0901,0.016666666666666666,5.957466666666666,High priority / low risk
MSN-2023-000457,DRN-0396,2023-03-17,02:43:20,Autel,Thermal Inspection,85.25,93.75,0.55,84.3,0.38,9.09,No,23,6.2,0,0.03666666666666667,0.01750000000000007,0.0,0.15833333333333333,0.0,0.0909,0.19166666666666668,5.9822000000000015,High priority / low risk
MSN-2023-013320,DRN-0499,2023-05-03,22:27:34,Custom,Site Survey,95.05,90.61,0.89,81.86,0.41,17.27,No,23,3.6,0,0.059333333333333335,0.07850000000000001,0.0,0.0,0.0,0.1727,0.19166666666666668,6.016600000000001,High priority / low risk
MSN-2026-006018,DRN-0429,2026-01-14,13:14:41,DJI,Field Mapping,93.41,91.08,1.59,89.1,0.66,29.97,No,5,5.6,0,0.10600000000000001,0.0,0.06400000000000002,0.0,0.0,0.29969999999999997,0.041666666666666664,6.0422666666666665,High priority / low risk
MSN-2025-014005,DRN-0752,2025-06-05,22:45:15,Custom,Perimeter Surveillance,99.43,83.92,1.02,84.61,0.85,9.41,No,20,7.7,0,0.068,0.009750000000000014,0.13999999999999999,0.0,0.0,0.0941,0.16666666666666666,6.050966666666667,High priority / low risk
MSN-2022-013686,DRN-0738,2022-12-01,19:29:45,Custom,Precision Spraying,92.69,86.13,1.32,93.26,0.57,34.16,No,12,8.4,0,0.08800000000000001,0.0,0.02799999999999998,0.0,0.0,0.34159999999999996,0.1,6.0608,High priority / low risk
MSN-2022-011983,DRN-0199,2022-05-02,22:36:24,DJI,Thermal Inspection,88.59,94.89,0.7,82.53,0.25,26.38,No,14,6.9,0,0.04666666666666666,0.06174999999999997,0.0,0.04699999999999989,0.0,0.2638,0.11666666666666667,6.073233333333331,High priority / low risk
MSN-2025-014218,DRN-0311,2025-05-29,19:44:21,DJI,Thermal Inspection,98.48,94.73,0.98,97.85,1.27,4.07,No,0,7.0,0,0.06533333333333333,0.0,0.308,0.0,0.0,0.0407,0.0,6.074933333333334,High priority / low risk
MSN-2026-008667,DRN-0529,2026-07-12,22:56:52,DJI,Field Mapping,86.66,97.76,2.6,87.49,0.43,0.49,No,8,0.9,0,0.17333333333333334,0.0,0.0,0.11133333333333345,0.0,0.0049,0.06666666666666667,6.077866666666669,High priority / low risk
MSN-2023-006457,DRN-0452,2023-07-27,13:07:19,Custom,Thermal Inspection,86.47,82.7,0.73,96.17,0.29,17.0,No,24,7.7,0,0.048666666666666664,0.0,0.0,0.11766666666666671,0.0,0.17,0.2,6.078000000000001,High priority / low risk
MSN-2025-010010,DRN-0566,2025-08-25,18:58:01,Parrot,Field Mapping,91.46,88.16,1.3,93.68,0.27,1.27,No,49,6.8,0,0.08666666666666667,0.0,0.0,0.0,0.0,0.0127,0.4083333333333333,6.0916,High priority / low risk
MSN-2021-003776,DRN-0581,2021-08-06,21:50:47,DJI,Search and Rescue,97.81,79.88,2.91,87.34,0.59,0.64,No,15,1.6,0,0.194,0.0,0.03599999999999999,0.0,0.002400000000000091,0.0064,0.125,6.0924000000000005,High priority / low risk
MSN-2026-009128,DRN-0123,2026-01-26,00:31:53,Autel,Tower Inspection,94.78,98.34,1.08,85.91,0.23,20.16,No,35,5.3,0,0.07200000000000001,0.0,0.0,0.0,0.0,0.2016,0.2916666666666667,6.1134666666666675,High priority / low risk
MSN-2021-013067,DRN-0110,2021-05-16,20:20:12,DJI,Stockpile Measurement,96.88,96.25,2.24,90.91,0.73,18.37,No,1,2.7,0,0.14933333333333335,0.0,0.092,0.0,0.0,0.1837,0.008333333333333333,6.126266666666667,High priority / low risk
MSN-2025-014171,DRN-0536,2025-12-23,23:51:50,Parrot,Emergency Response,94.53,90.0,0.67,99.13,0.59,16.58,No,40,3.7,0,0.04466666666666667,0.0,0.03599999999999999,0.0,0.0,0.16579999999999998,0.3333333333333333,6.1464,High priority / low risk
MSN-2022-014673,DRN-0615,2022-12-13,02:09:05,Autel,Tower Inspection,90.77,96.25,0.59,87.23,0.31,17.15,No,47,2.5,0,0.03933333333333333,0.0,0.0,0.0,0.0,0.17149999999999999,0.39166666666666666,6.154,High priority / low risk
MSN-2021-009460,DRN-0645,2021-02-19,19:02:35,Custom,Emergency Response,97.54,94.2,1.62,80.13,0.39,6.3,No,13,6.6,0,0.10800000000000001,0.12175000000000011,0.0,0.0,0.0,0.063,0.10833333333333334,6.154833333333336,High priority / low risk
MSN-2021-005085,DRN-0566,2021-07-11,20:34:00,Custom,Wind Turbine Inspection,87.58,81.55,1.73,92.59,0.37,29.14,No,2,2.6,0,0.11533333333333333,0.0,0.0,0.08066666666666672,0.0,0.2914,0.016666666666666666,6.164533333333334,High priority / low risk
MSN-2023-002199,DRN-0150,2023-07-11,04:41:59,DJI,Wind Turbine Inspection,98.23,84.61,2.92,99.99,0.24,21.49,No,2,1.2,0,0.19466666666666665,0.0,0.0,0.0,0.0,0.21489999999999998,0.016666666666666666,6.1685333333333325,High priority / low risk
MSN-2022-005148,DRN-0426,2022-07-19,15:57:34,Custom,Safety Monitoring,91.24,83.42,2.38,83.49,0.19,9.36,No,15,7.2,0,0.15866666666666665,0.03775000000000013,0.0,0.0,0.0,0.09359999999999999,0.125,6.168966666666669,High priority / low risk
MSN-2022-001316,DRN-0463,2022-12-08,21:11:47,DJI,Search and Rescue,82.86,90.8,1.08,85.98,0.59,4.68,No,5,2.9,0,0.07200000000000001,0.0,0.03599999999999999,0.23800000000000002,0.0,0.046799999999999994,0.041666666666666664,6.2110666666666665,High priority / low risk
MSN-2026-004489,DRN-0669,2026-06-18,16:14:05,Custom,Emergency Response,99.79,90.7,0.54,96.39,0.97,16.23,No,18,7.0,0,0.036000000000000004,0.0,0.188,0.0,0.0,0.1623,0.15,6.222400000000001,High priority / low risk
MSN-2021-010109,DRN-0471,2021-08-10,06:53:29,Custom,Bridge Inspection,89.27,81.86,1.56,81.13,0.21,8.77,No,14,7.6,0,0.10400000000000001,0.09675000000000011,0.0,0.024333333333333467,0.0,0.0877,0.11666666666666667,6.2384333333333375,High priority / low risk
MSN-2025-008560,DRN-0779,2025-12-19,04:51:58,Autel,Site Survey,100.0,88.35,0.82,85.87,0.75,12.42,No,32,3.3,0,0.05466666666666666,0.0,0.1,0.0,0.0,0.1242,0.26666666666666666,6.262933333333335,High priority / low risk
MSN-2023-000990,DRN-0551,2023-05-02,13:49:10,Autel,Network Site Survey,89.59,90.6,2.15,92.3,0.21,29.4,No,7,5.7,0,0.14333333333333334,0.0,0.0,0.013666666666666553,0.0,0.294,0.058333333333333334,6.2799999999999985,High priority / low risk
MSN-2021-013806,DRN-0228,2021-05-11,23:13:36,Custom,Thermal Inspection,99.45,91.49,1.65,84.75,0.23,29.2,No,17,2.0,0,0.11,0.00625,0.0,0.0,0.0,0.292,0.14166666666666666,6.285166666666667,High priority / low risk
MSN-2024-003775,DRN-0194,2024-03-06,01:33:48,Autel,Tower Inspection,91.03,79.58,0.75,96.99,0.94,17.55,No,15,6.1,0,0.05,0.0,0.176,0.0,0.008400000000000034,0.17550000000000002,0.125,6.2852000000000015,High priority / low risk
MSN-2021-007235,DRN-0551,2021-07-12,22:31:51,Autel,Perimeter Surveillance,94.53,79.94,0.61,97.03,0.21,14.21,No,51,2.8,0,0.04066666666666666,0.0,0.0,0.0,0.0012000000000000454,0.1421,0.425,6.2910666666666675,High priority / low risk
MSN-2025-007251,DRN-0367,2025-04-30,09:22:44,Custom,Thermal Inspection,91.59,78.2,2.18,96.17,0.28,7.99,No,26,8.2,0,0.14533333333333334,0.0,0.0,0.0,0.03599999999999994,0.0799,0.21666666666666667,6.2912,High priority / low risk
MSN-2024-004205,DRN-0328,2024-11-04,13:35:48,DJI,Precision Spraying,89.27,86.9,0.67,98.01,0.41,50.65,No,11,3.1,0,0.04466666666666667,0.0,0.0,0.024333333333333467,0.0,0.5065,0.09166666666666666,6.292000000000002,High priority / low risk
MSN-2025-004478,DRN-0652,2025-03-25,23:06:32,Custom,Construction Progress,96.45,86.19,1.81,84.82,0.32,30.94,No,13,6.3,0,0.12066666666666667,0.0045000000000001705,0.0,0.0,0.0,0.3094,0.10833333333333334,6.294200000000003,High priority / low risk
MSN-2026-009215,DRN-0552,2026-07-21,04:19:27,Autel,Wind Turbine Inspection,91.28,93.97,3.36,89.99,0.38,12.95,No,4,0.9,0,0.224,0.0,0.0,0.0,0.0,0.1295,0.03333333333333333,6.297333333333334,High priority / low risk
MSN-2023-004226,DRN-0699,2023-06-03,02:02:21,Custom,Tower Inspection,91.17,83.55,3.76,95.22,0.2,6.74,No,3,2.4,0,0.25066666666666665,0.0,0.0,0.0,0.0,0.0674,0.025,6.303866666666666,High priority / low risk
MSN-2025-002802,DRN-0329,2025-03-25,01:21:06,Autel,Site Survey,87.53,88.6,2.88,85.29,0.24,1.34,No,10,6.9,0,0.192,0.0,0.0,0.0823333333333333,0.0,0.0134,0.08333333333333333,6.317199999999999,High priority / low risk
MSN-2021-009019,DRN-0498,2021-04-02,07:49:11,DJI,Stockpile Measurement,85.99,79.75,0.78,86.3,0.81,9.77,No,9,6.8,0,0.052000000000000005,0.0,0.12400000000000003,0.13366666666666685,0.005,0.0977,0.075,6.322933333333336,High priority / low risk
MSN-2022-012823,DRN-0657,2022-12-08,19:00:48,DJI,Construction Progress,98.81,84.05,1.63,93.64,0.18,28.68,No,20,3.5,0,0.10866666666666666,0.0,0.0,0.0,0.0,0.2868,0.16666666666666666,6.351733333333333,High priority / low risk
MSN-2021-012043,DRN-0358,2021-07-06,06:25:40,DJI,Safety Monitoring,85.2,86.08,0.86,87.91,0.64,24.85,No,1,2.3,0,0.05733333333333333,0.0,0.05600000000000001,0.1599999999999999,0.0,0.24850000000000003,0.008333333333333333,6.356666666666667,High priority / low risk
MSN-2024-004790,DRN-0419,2024-04-15,12:21:40,Autel,Network Site Survey,94.79,91.95,1.37,93.56,1.19,6.1,No,0,0.5,0,0.09133333333333334,0.0,0.27599999999999997,0.0,0.0,0.061,0.0,6.361333333333333,High priority / low risk
MSN-2023-012610,DRN-0301,2023-04-11,17:55:30,Custom,Perimeter Surveillance,92.56,97.67,2.9,89.34,0.6,12.14,No,7,2.0,0,0.19333333333333333,0.0,0.039999999999999994,0.0,0.0,0.12140000000000001,0.058333333333333334,6.367866666666666,High priority / low risk
MSN-2026-007034,DRN-0175,2026-07-20,11:13:13,Custom,Perimeter Surveillance,92.9,98.82,0.79,89.33,0.84,23.87,No,17,8.4,0,0.05266666666666667,0.0,0.13599999999999998,0.0,0.0,0.23870000000000002,0.14166666666666666,6.388933333333332,High priority / low risk
MSN-2025-005019,DRN-0241,2025-08-16,10:04:24,DJI,Network Site Survey,91.46,86.54,1.08,89.62,0.29,1.78,No,56,3.6,0,0.07200000000000001,0.0,0.0,0.0,0.0,0.0178,0.4666666666666667,6.393066666666666,High priority / low risk
MSN-2021-007350,DRN-0504,2021-02-07,00:46:24,DJI,Thermal Inspection,100.0,90.12,1.23,85.27,0.76,13.31,No,25,0.6,0,0.082,0.0,0.10400000000000001,0.0,0.0,0.1331,0.20833333333333334,6.408133333333334,High priority / low risk
MSN-2024-007749,DRN-0664,2024-12-28,15:55:53,Custom,Emergency Response,91.14,78.82,1.99,90.44,0.38,34.08,No,7,7.0,0,0.13266666666666665,0.0,0.0,0.0,0.023600000000000135,0.3408,0.058333333333333334,6.417200000000001,High priority / low risk
MSN-2025-010449,DRN-0690,2025-07-13,16:19:07,Custom,Parcel Delivery,88.12,78.62,1.01,90.44,0.55,33.03,No,11,3.9,0,0.06733333333333333,0.0,0.020000000000000018,0.06266666666666651,0.02759999999999991,0.33030000000000004,0.09166666666666666,6.418533333333332,High priority / low risk
MSN-2026-014690,DRN-0205,2026-01-23,21:46:28,Parrot,Search and Rescue,94.09,90.0,2.04,89.74,0.74,22.32,No,4,7.8,0,0.136,0.0,0.096,0.0,0.0,0.2232,0.03333333333333333,6.454933333333333,High priority / low risk
MSN-2024-007293,DRN-0618,2024-02-08,13:09:01,Custom,Crop Health Survey,92.74,99.18,1.69,90.91,0.73,10.83,No,22,1.7,0,0.11266666666666666,0.0,0.092,0.0,0.0,0.10830000000000001,0.18333333333333332,6.4664,High priority / low risk
MSN-2021-001184,DRN-0160,2021-08-16,05:59:03,Custom,Perimeter Surveillance,88.9,96.68,0.75,87.02,0.93,4.9,No,25,4.2,0,0.05,0.0,0.17200000000000001,0.03666666666666648,0.0,0.049,0.20833333333333334,6.496666666666664,High priority / low risk
MSN-2021-013191,DRN-0692,2021-04-20,12:14:07,Custom,Construction Progress,89.29,80.58,1.78,90.1,0.62,19.39,No,16,4.9,0,0.11866666666666667,0.0,0.048,0.023666666666666458,0.0,0.19390000000000002,0.13333333333333333,6.498533333333331,High priority / low risk
MSN-2024-014150,DRN-0623,2024-02-06,19:22:08,Autel,Power Line Inspection,92.49,78.89,3.91,97.81,0.19,2.13,No,5,5.5,0,0.26066666666666666,0.0,0.0,0.0,0.022199999999999987,0.0213,0.041666666666666664,6.499333333333333,High priority / low risk
MSN-2025-014094,DRN-0167,2025-04-27,10:27:58,Parrot,Bridge Inspection,96.06,95.64,2.17,95.91,0.48,25.95,No,15,4.2,0,0.14466666666666667,0.0,0.0,0.0,0.0,0.2595,0.125,6.508666666666667,High priority / low risk
MSN-2023-011438,DRN-0209,2023-05-25,16:59:41,DJI,Construction Progress,91.66,93.62,0.61,93.12,1.3,0.9,No,13,0.5,0,0.04066666666666666,0.0,0.32,0.0,0.0,0.009000000000000001,0.10833333333333334,6.529999999999999,High priority / low risk
MSN-2022-001464,DRN-0684,2022-12-30,15:58:35,Parrot,Crop Health Survey,100.0,83.91,1.21,95.52,0.91,7.96,No,22,5.6,0,0.08066666666666666,0.0,0.164,0.0,0.0,0.0796,0.18333333333333332,6.540799999999999,High priority / low risk
MSN-2024-008206,DRN-0252,2024-12-26,07:38:43,Autel,Thermal Inspection,86.85,98.92,1.87,96.91,0.51,13.02,No,15,5.4,0,0.12466666666666668,0.0,0.0040000000000000036,0.10500000000000019,0.0,0.13019999999999998,0.125,6.56026666666667,High priority / low risk
MSN-2022-004440,DRN-0647,2022-08-28,20:05:48,DJI,Bridge Inspection,94.65,92.8,2.54,95.09,0.91,0.82,No,6,7.2,0,0.16933333333333334,0.0,0.164,0.0,0.0,0.008199999999999999,0.05,6.5869333333333335,High priority / low risk
MSN-2023-004569,DRN-0749,2023-07-23,23:46:26,DJI,Solar Farm Inspection,87.51,95.19,1.08,79.9,0.68,1.76,No,5,1.5,0,0.07200000000000001,0.12749999999999986,0.07200000000000002,0.08299999999999982,0.0,0.0176,0.041666666666666664,6.606466666666663,High priority / low risk
MSN-2026-000071,DRN-0770,2026-06-09,14:57:01,Custom,Stockpile Measurement,96.48,83.74,2.24,82.51,0.43,3.78,No,23,4.9,0,0.14933333333333335,0.062249999999999875,0.0,0.0,0.0,0.0378,0.19166666666666668,6.6248999999999985,High priority / low risk
MSN-2021-009300,DRN-0536,2021-02-02,13:19:39,Custom,Perimeter Surveillance,90.2,85.93,2.06,90.17,0.39,29.54,No,15,3.5,0,0.13733333333333334,0.0,0.0,0.0,0.0,0.2954,0.125,6.634533333333334,High priority / low risk
MSN-2022-009043,DRN-0673,2022-01-18,23:44:20,DJI,Power Line Inspection,99.92,86.84,0.81,79.85,0.19,12.06,No,26,5.5,0,0.054000000000000006,0.12875000000000014,0.0,0.0,0.0,0.1206,0.21666666666666667,6.6369666666666705,High priority / low risk
MSN-2022-014296,DRN-0397,2022-06-02,17:36:56,Custom,Road Survey,96.72,87.73,1.53,88.18,0.91,8.52,No,17,6.2,0,0.10200000000000001,0.0,0.164,0.0,0.0,0.0852,0.14166666666666666,6.638266666666667,High priority / low risk
MSN-2024-001788,DRN-0262,2024-12-11,07:27:20,DJI,Wind Turbine Inspection,93.87,81.08,3.15,94.84,0.54,10.99,No,11,3.1,0,0.21,0.0,0.016000000000000014,0.0,0.0,0.1099,0.09166666666666666,6.639866666666666,High priority / low risk
MSN-2025-012958,DRN-0185,2025-11-03,15:45:46,Custom,Crop Health Survey,96.02,91.06,2.73,86.17,0.86,3.62,No,4,5.4,0,0.182,0.0,0.144,0.0,0.0,0.0362,0.03333333333333333,6.642933333333333,High priority / low risk
MSN-2026-003007,DRN-0779,2026-01-06,13:40:44,DJI,Crop Health Survey,99.72,87.25,1.33,93.31,0.2,23.36,No,34,1.3,0,0.08866666666666667,0.0,0.0,0.0,0.0,0.2336,0.2833333333333333,6.6528,High priority / low risk
MSN-2021-003257,DRN-0416,2021-04-29,03:44:56,Custom,Tower Inspection,90.69,86.74,1.22,87.89,1.08,11.92,No,8,3.8,0,0.08133333333333333,0.0,0.23200000000000004,0.0,0.0,0.1192,0.06666666666666667,6.657600000000001,High priority / low risk
MSN-2022-004482,DRN-0505,2022-07-27,02:04:27,Custom,Thermal Inspection,89.73,99.88,1.42,91.07,0.16,18.48,No,36,7.7,0,0.09466666666666666,0.0,0.0,0.008999999999999867,0.0,0.1848,0.3,6.687066666666665,High priority / low risk
MSN-2021-000923,DRN-0276,2021-04-02,18:51:15,DJI,Emergency Response,100.0,89.98,1.63,79.02,0.17,3.47,No,16,4.5,0,0.10866666666666666,0.1495000000000001,0.0,0.0,0.0,0.0347,0.13333333333333333,6.692600000000001,High priority / low risk
MSN-2026-000515,DRN-0606,2026-04-25,19:03:17,Parrot,Bridge Inspection,95.23,87.79,3.93,86.7,0.48,1.26,No,10,7.5,0,0.262,0.0,0.0,0.0,0.0,0.0126,0.08333333333333333,6.698133333333334,High priority / low risk
MSN-2022-003797,DRN-0279,2022-05-01,21:04:17,Custom,Network Site Survey,90.56,90.52,1.21,93.24,0.65,12.51,No,37,4.6,0,0.08066666666666666,0.0,0.06000000000000001,0.0,0.0,0.1251,0.30833333333333335,6.6988,High priority / low risk
MSN-2024-011800,DRN-0732,2024-07-10,02:46:13,Custom,Safety Monitoring,91.29,99.93,2.08,92.49,0.63,18.98,No,17,0.7,0,0.13866666666666666,0.0,0.052000000000000005,0.0,0.0,0.1898,0.14166666666666666,6.713733333333333,High priority / low risk
MSN-2025-012283,DRN-0282,2025-03-13,23:27:23,Custom,Bridge Inspection,90.43,78.57,3.34,88.4,0.64,6.14,No,4,8.2,0,0.22266666666666665,0.0,0.05600000000000001,0.0,0.028600000000000136,0.061399999999999996,0.03333333333333333,6.736000000000001,High priority / low risk
MSN-2021-014068,DRN-0224,2021-10-14,16:46:44,Custom,Bridge Inspection,90.62,80.85,1.31,96.6,0.74,30.97,No,12,5.5,0,0.08733333333333333,0.0,0.096,0.0,0.0,0.3097,0.1,6.742933333333334,High priority / low risk
MSN-2025-011353,DRN-0493,2025-04-14,05:42:35,Custom,Parcel Delivery,88.63,86.5,2.2,97.72,0.72,7.15,No,13,1.0,0,0.14666666666666667,0.0,0.088,0.04566666666666682,0.0,0.07150000000000001,0.10833333333333334,6.7533333333333365,High priority / low risk
MSN-2025-005986,DRN-0439,2025-01-11,18:49:47,Autel,Stockpile Measurement,89.1,85.04,0.68,91.93,0.22,28.47,No,37,7.8,0,0.04533333333333334,0.0,0.0,0.03000000000000019,0.0,0.2847,0.30833333333333335,6.77826666666667,High priority / low risk
MSN-2023-004161,DRN-0747,2023-02-11,14:49:26,DJI,Crop Health Survey,87.27,86.73,2.22,94.58,0.53,3.31,No,22,6.6,0,0.14800000000000002,0.0,0.01200000000000001,0.09100000000000014,0.0,0.0331,0.18333333333333332,6.796133333333336,High priority / low risk
MSN-2022-012502,DRN-0589,2022-07-05,05:41:46,Custom,Tower Inspection,92.35,90.42,1.26,91.12,0.93,1.56,No,29,2.3,0,0.084,0.0,0.17200000000000001,0.0,0.0,0.015600000000000001,0.24166666666666667,6.797466666666667,High priority / low risk
MSN-2024-006235,DRN-0292,2024-05-07,06:24:58,Autel,Site Survey,96.49,95.05,2.04,92.76,0.29,20.63,No,26,2.2,0,0.136,0.0,0.0,0.0,0.0,0.20629999999999998,0.21666666666666667,6.809066666666666,High priority / low risk
MSN-2023-005323,DRN-0129,2023-09-27,21:18:45,DJI,Thermal Inspection,94.08,84.92,0.6,77.77,0.5,5.4,No,27,1.5,0,0.04,0.1807500000000001,0.0,0.0,0.0,0.054000000000000006,0.225,6.815500000000002,High priority / low risk
MSN-2022-012977,DRN-0257,2022-08-28,02:48:46,Custom,Tower Inspection,92.04,96.81,1.84,95.75,0.8,0.54,No,29,2.4,0,0.12266666666666667,0.0,0.12000000000000002,0.0,0.0,0.0054,0.24166666666666667,6.838533333333335,High priority / low risk
MSN-2024-006121,DRN-0350,2024-11-19,18:32:47,Custom,Emergency Response,93.43,93.48,1.13,82.99,0.25,15.06,No,37,1.7,0,0.07533333333333332,0.05025000000000013,0.0,0.0,0.0,0.1506,0.30833333333333335,6.84996666666667,High priority / low risk
MSN-2022-001014,DRN-0671,2022-09-03,20:44:33,Custom,Crop Health Survey,87.59,79.3,1.55,92.78,0.72,25.46,No,1,6.1,0,0.10333333333333333,0.0,0.088,0.08033333333333322,0.014000000000000058,0.2546,0.008333333333333333,6.862133333333334,High priority / low risk
MSN-2022-006224,DRN-0154,2022-11-14,14:29:56,Autel,Crop Health Survey,97.23,80.8,0.74,88.76,1.36,12.15,No,0,0.9,0,0.04933333333333333,0.0,0.34400000000000003,0.0,0.0,0.1215,0.0,6.873333333333334,High priority / low risk
MSN-2021-003529,DRN-0368,2021-02-28,15:28:40,Custom,Thermal Inspection,93.87,84.05,1.63,90.63,1.07,5.72,No,10,3.3,0,0.10866666666666666,0.0,0.22800000000000004,0.0,0.0,0.0572,0.08333333333333333,6.873600000000001,High priority / low risk
MSN-2024-013135,DRN-0560,2024-06-01,04:08:55,Parrot,Thermal Inspection,90.75,82.63,3.33,89.11,0.17,21.0,No,4,6.1,0,0.222,0.0,0.0,0.0,0.0,0.21,0.03333333333333333,6.897333333333333,High priority / low risk
MSN-2021-004959,DRN-0583,2021-01-23,18:38:10,Autel,Wind Turbine Inspection,100.0,86.36,1.1,83.74,0.67,22.4,No,24,3.8,0,0.07333333333333333,0.031500000000000125,0.06800000000000002,0.0,0.0,0.22399999999999998,0.2,6.924333333333335,High priority / low risk
MSN-2021-013230,DRN-0607,2021-10-22,12:56:40,DJI,Tower Inspection,88.08,90.96,1.15,88.61,0.89,27.22,No,0,6.7,0,0.07666666666666666,0.0,0.156,0.06400000000000006,0.0,0.2722,0.0,6.944266666666668,High priority / low risk
MSN-2022-010906,DRN-0169,2022-02-17,10:24:13,DJI,Search and Rescue,92.05,82.53,1.96,93.56,0.58,24.57,No,20,4.0,0,0.13066666666666665,0.0,0.03199999999999999,0.0,0.0,0.2457,0.16666666666666666,6.954933333333332,High priority / low risk
MSN-2022-010671,DRN-0577,2022-10-05,05:41:42,DJI,Tower Inspection,92.44,78.01,4.09,97.36,0.35,5.9,No,2,0.8,0,0.27266666666666667,0.0,0.0,0.0,0.0397999999999999,0.059000000000000004,0.016666666666666666,6.955733333333332,High priority / low risk
MSN-2022-000288,DRN-0129,2022-08-28,15:50:30,DJI,Tower Inspection,89.57,82.99,2.32,93.05,0.71,11.61,No,15,0.7,0,0.15466666666666665,0.0,0.08399999999999999,0.01433333333333356,0.0,0.1161,0.125,6.958133333333335,High priority / low risk
MSN-2024-004949,DRN-0679,2024-12-10,09:53:08,Custom,Thermal Inspection,88.62,94.61,1.09,78.14,0.35,2.91,No,17,3.1,0,0.07266666666666667,0.17149999999999999,0.0,0.04599999999999985,0.0,0.0291,0.14166666666666666,6.979133333333332,High priority / low risk
MSN-2022-009981,DRN-0771,2022-03-22,06:09:04,Autel,Tower Inspection,93.48,85.47,2.09,87.04,1.07,9.2,No,0,1.1,0,0.13933333333333334,0.0,0.22800000000000004,0.0,0.0,0.092,0.0,6.993333333333335,High priority / low risk
MSN-2022-011474,DRN-0284,2022-01-23,12:27:52,Autel,Field Mapping,96.65,93.9,1.15,95.3,0.65,5.86,No,48,7.0,0,0.07666666666666666,0.0,0.06000000000000001,0.0,0.0,0.058600000000000006,0.4,6.995466666666668,High priority / low risk
MSN-2023-004210,DRN-0298,2023-03-05,23:14:56,Custom,Solar Farm Inspection,91.5,99.11,1.91,94.08,1.12,8.06,No,1,8.3,0,0.12733333333333333,0.0,0.24800000000000005,0.0,0.0,0.0806,0.008333333333333333,7.001466666666667,High priority / low risk
MSN-2025-010114,DRN-0462,2025-03-22,12:13:07,Autel,Emergency Response,85.73,99.47,1.01,83.74,0.75,3.15,No,16,8.4,0,0.06733333333333333,0.031500000000000125,0.1,0.1423333333333332,0.0,0.0315,0.13333333333333333,7.026333333333333,High priority / low risk
MSN-2022-011181,DRN-0120,2022-06-05,09:06:15,DJI,Crop Health Survey,98.62,92.64,1.58,87.31,0.78,17.71,No,21,5.5,0,0.10533333333333333,0.0,0.11200000000000002,0.0,0.0,0.1771,0.175,7.052133333333334,High priority / low risk
MSN-2024-014928,DRN-0549,2024-09-18,18:27:12,Autel,Power Line Inspection,94.08,97.11,1.75,89.94,0.26,7.37,No,47,4.7,0,0.11666666666666667,0.0,0.0,0.0,0.0,0.0737,0.39166666666666666,7.072933333333334,High priority / low risk
MSN-2023-010999,DRN-0465,2023-06-19,15:31:06,DJI,Network Site Survey,94.18,98.97,3.36,89.88,0.42,13.37,No,13,8.1,0,0.224,0.0,0.0,0.0,0.0,0.13369999999999999,0.10833333333333334,7.080933333333333,High priority / low risk
MSN-2026-003783,DRN-0514,2026-02-13,02:32:23,DJI,Search and Rescue,83.64,83.42,0.67,84.57,0.38,31.66,No,5,3.2,0,0.04466666666666667,0.010750000000000171,0.0,0.212,0.0,0.3166,0.041666666666666664,7.093633333333337,High priority / low risk
MSN-2024-014856,DRN-0559,2024-02-19,04:18:04,Custom,Warehouse Transfer,94.62,99.81,2.57,85.18,0.52,31.95,No,8,3.3,0,0.1713333333333333,0.0,0.008000000000000007,0.0,0.0,0.3195,0.06666666666666667,7.104000000000001,High priority / low risk
MSN-2021-001394,DRN-0211,2021-12-08,17:51:39,Custom,Wind Turbine Inspection,96.85,93.23,0.92,98.32,1.31,9.45,No,6,2.1,0,0.06133333333333334,0.0,0.324,0.0,0.0,0.09449999999999999,0.05,7.141333333333335,High priority / low risk
MSN-2022-001820,DRN-0589,2022-06-08,17:36:47,DJI,Crop Health Survey,84.16,99.05,2.21,97.08,0.49,2.2,No,12,7.4,0,0.14733333333333334,0.0,0.0,0.1946666666666668,0.0,0.022000000000000002,0.1,7.14266666666667,High priority / low risk
MSN-2021-013909,DRN-0127,2021-12-16,00:36:41,Custom,Thermal Inspection,90.25,88.62,1.66,86.57,0.82,11.48,No,24,8.3,0,0.11066666666666666,0.0,0.12799999999999997,0.0,0.0,0.1148,0.2,7.145066666666667,High priority / low risk
MSN-2024-002272,DRN-0622,2024-06-20,01:39:30,Autel,Network Site Survey,84.94,92.35,1.66,98.34,0.18,23.16,No,6,2.2,0,0.11066666666666666,0.0,0.0,0.16866666666666674,0.0,0.2316,0.05,7.148800000000002,High priority / low risk
MSN-2022-007037,DRN-0133,2022-01-01,04:45:09,Custom,Stockpile Measurement,92.96,96.66,2.49,84.01,0.38,31.07,No,7,4.2,0,0.166,0.024749999999999873,0.0,0.0,0.0,0.3107,0.058333333333333334,7.166433333333331,High priority / low risk
MSN-2023-012132,DRN-0552,2023-04-06,13:50:32,DJI,Perimeter Surveillance,87.75,86.3,1.67,82.87,0.62,5.73,No,19,1.4,0,0.11133333333333333,0.05324999999999989,0.048,0.075,0.0,0.057300000000000004,0.15833333333333333,7.171566666666665,High priority / low risk
MSN-2021-006003,DRN-0521,2021-04-04,11:01:16,DJI,Road Survey,95.17,91.55,2.83,96.26,0.53,21.32,No,14,2.6,0,0.18866666666666668,0.0,0.01200000000000001,0.0,0.0,0.2132,0.11666666666666667,7.190933333333334,High priority / low risk
MSN-2021-010119,DRN-0228,2021-10-05,02:28:12,Custom,Search and Rescue,96.91,91.18,1.08,77.13,0.51,0.39,No,24,1.3,0,0.07200000000000001,0.19675000000000012,0.0040000000000000036,0.0,0.0,0.0039000000000000003,0.2,7.2127000000000026,High priority / low risk
MSN-2023-010799,DRN-0541,2023-04-10,23:04:36,Parrot,Network Site Survey,83.59,85.84,0.51,85.0,0.15,22.6,No,20,7.1,0,0.034,0.0,0.0,0.21366666666666656,0.0,0.226,0.16666666666666666,7.213999999999999,High priority / low risk
MSN-2024-014414,DRN-0633,2024-03-12,14:28:25,Custom,Parcel Delivery,100.0,86.75,0.92,85.62,0.25,46.31,No,26,2.2,0,0.06133333333333334,0.0,0.0,0.0,0.0,0.4631,0.21666666666666667,7.2208000000000006,High priority / low risk
MSN-2026-007376,DRN-0623,2026-05-20,23:39:02,Autel,Thermal Inspection,99.16,81.07,1.3,91.18,0.38,7.18,No,57,4.0,0,0.08666666666666667,0.0,0.0,0.0,0.0,0.0718,0.475,7.231066666666666,High priority / low risk
MSN-2025-000225,DRN-0117,2025-10-02,05:54:50,Custom,Warehouse Transfer,92.09,97.09,1.47,79.78,0.46,7.0,No,26,3.0,0,0.098,0.13049999999999998,0.0,0.0,0.0,0.07,0.21666666666666667,7.2316666666666665,High priority / low risk
MSN-2024-000374,DRN-0205,2024-08-13,22:58:50,Custom,Precision Spraying,79.95,95.87,0.77,88.6,0.33,2.04,No,15,1.4,0,0.051333333333333335,0.0,0.0,0.3349999999999999,0.0,0.0204,0.125,7.232533333333333,High priority / low risk
MSN-2022-010705,DRN-0753,2022-06-06,18:05:10,Custom,Solar Farm Inspection,90.45,84.69,0.86,88.9,0.6,2.18,No,63,6.7,0,0.05733333333333333,0.0,0.039999999999999994,0.0,0.0,0.0218,0.525,7.245733333333335,High priority / low risk
MSN-2023-001894,DRN-0657,2023-07-20,07:23:52,Custom,Thermal Inspection,100.0,91.94,2.07,99.46,0.36,34.98,No,17,4.8,0,0.13799999999999998,0.0,0.0,0.0,0.0,0.34979999999999994,0.14166666666666666,7.2510666666666665,High priority / low risk
MSN-2025-008007,DRN-0739,2025-06-22,08:54:54,DJI,Road Survey,87.74,88.35,1.83,86.48,0.36,17.07,No,26,3.9,0,0.12200000000000001,0.0,0.0,0.0753333333333335,0.0,0.1707,0.21666666666666667,7.270933333333336,High priority / low risk
MSN-2021-009360,DRN-0110,2021-04-24,07:09:41,DJI,Search and Rescue,97.65,83.33,2.09,95.0,0.81,1.71,No,28,8.4,0,0.13933333333333334,0.0,0.12400000000000003,0.0,0.0,0.0171,0.23333333333333334,7.271466666666668,High priority / low risk
MSN-2021-005973,DRN-0686,2021-04-12,12:31:54,Autel,Perimeter Surveillance,97.43,79.23,1.72,92.38,0.64,28.25,No,19,8.0,0,0.11466666666666667,0.0,0.05600000000000001,0.0,0.01539999999999992,0.2825,0.15833333333333333,7.2732,High priority / low risk
MSN-2021-004180,DRN-0452,2021-09-25,22:29:32,DJI,Thermal Inspection,94.64,91.12,3.49,97.16,0.52,0.67,No,24,1.2,0,0.2326666666666667,0.0,0.008000000000000007,0.0,0.0,0.0067,0.2,7.284266666666668,High priority / low risk
MSN-2026-006014,DRN-0743,2026-05-13,19:08:48,DJI,Power Line Inspection,97.77,81.1,1.51,95.95,1.02,21.77,No,5,0.9,0,0.10066666666666667,0.0,0.20800000000000002,0.0,0.0,0.2177,0.041666666666666664,7.284933333333334,High priority / low risk
MSN-2025-011591,DRN-0681,2025-12-19,20:49:26,Autel,Thermal Inspection,100.0,80.46,0.56,98.23,0.84,13.31,No,42,1.9,0,0.037333333333333336,0.0,0.13599999999999998,0.0,0.0,0.1331,0.35,7.290133333333332,High priority / low risk
MSN-2024-006937,DRN-0357,2024-08-18,09:54:54,Custom,Wind Turbine Inspection,92.95,86.07,0.74,87.04,0.53,6.81,No,66,6.6,0,0.04933333333333333,0.0,0.01200000000000001,0.0,0.0,0.0681,0.55,7.298133333333334,High priority / low risk
MSN-2021-000449,DRN-0275,2021-11-25,06:27:22,Custom,Thermal Inspection,100.0,91.7,0.79,80.77,0.47,17.64,No,34,2.0,0,0.05266666666666667,0.1057500000000001,0.0,0.0,0.0,0.1764,0.2833333333333333,7.306700000000002,High priority / low risk
MSN-2022-013742,DRN-0522,2022-09-01,01:15:28,Parrot,Crop Health Survey,89.94,87.67,4.4,89.25,0.18,4.17,No,6,2.0,0,0.29333333333333333,0.0,0.0,0.002000000000000076,0.0,0.0417,0.05,7.314933333333336,High priority / low risk
MSN-2022-011937,DRN-0111,2022-03-28,04:32:09,Autel,Road Survey,94.94,95.02,0.65,96.46,1.3,7.98,No,15,6.9,0,0.043333333333333335,0.0,0.32,0.0,0.0,0.07980000000000001,0.125,7.321733333333334,High priority / low risk
MSN-2024-004927,DRN-0406,2024-01-20,08:58:12,Custom,Crop Health Survey,90.49,79.38,3.64,97.32,0.49,5.93,No,17,2.5,0,0.24266666666666667,0.0,0.0,0.0,0.012400000000000092,0.0593,0.14166666666666666,7.328933333333334,High priority / low risk
MSN-2021-013853,DRN-0452,2021-02-23,04:49:02,Autel,Wind Turbine Inspection,93.14,94.88,3.22,92.76,0.28,12.89,No,19,4.9,0,0.21466666666666667,0.0,0.0,0.0,0.0,0.12890000000000001,0.15833333333333333,7.337200000000001,High priority / low risk
MSN-2024-007110,DRN-0267,2024-10-28,00:05:21,Custom,Tower Inspection,87.48,92.18,2.7,87.1,0.56,11.98,No,11,6.7,0,0.18000000000000002,0.0,0.02400000000000002,0.08399999999999987,0.0,0.1198,0.09166666666666666,7.347066666666666,High priority / low risk
MSN-2023-011820,DRN-0282,2023-03-08,04:52:19,Parrot,Perimeter Surveillance,99.53,92.07,2.21,94.7,0.18,5.51,No,44,3.5,0,0.14733333333333334,0.0,0.0,0.0,0.0,0.055099999999999996,0.36666666666666664,7.3488,High priority / low risk
MSN-2024-010522,DRN-0675,2024-09-03,14:23:37,Custom,Wind Turbine Inspection,88.57,79.79,1.62,89.01,1.0,2.95,No,15,5.6,0,0.10800000000000001,0.0,0.2,0.04766666666666689,0.004199999999999875,0.029500000000000002,0.125,7.362933333333337,High priority / low risk
MSN-2025-001176,DRN-0729,2025-01-02,07:20:55,Parrot,Stockpile Measurement,95.44,96.28,2.32,94.06,0.85,11.57,No,13,2.5,0,0.15466666666666665,0.0,0.13999999999999999,0.0,0.0,0.1157,0.10833333333333334,7.371600000000001,High priority / low risk
MSN-2024-000266,DRN-0282,2024-12-12,15:56:59,Custom,Road Survey,85.8,81.55,3.24,98.24,0.44,1.02,No,7,3.1,0,0.21600000000000003,0.0,0.0,0.1400000000000001,0.0,0.0102,0.058333333333333334,7.376933333333335,High priority / low risk
MSN-2024-004863,DRN-0600,2024-12-05,09:29:51,Autel,Bridge Inspection,97.72,93.73,0.56,83.53,1.0,26.26,No,12,7.1,0,0.037333333333333336,0.03674999999999997,0.2,0.0,0.0,0.2626,0.1,7.383633333333334,High priority / low risk
MSN-2021-013680,DRN-0304,2021-11-29,13:59:42,Custom,Thermal Inspection,100.0,99.78,3.12,84.64,0.54,26.18,No,4,1.1,0,0.20800000000000002,0.008999999999999985,0.016000000000000014,0.0,0.0,0.2618,0.03333333333333333,7.389733333333331,High priority / low risk
MSN-2026-003404,DRN-0705,2026-05-23,17:20:43,Parrot,Bridge Inspection,94.1,94.03,2.25,99.74,0.26,5.38,No,44,5.6,0,0.15,0.0,0.0,0.0,0.0,0.0538,0.36666666666666664,7.397066666666667,High priority / low risk
MSN-2026-009898,DRN-0564,2026-01-02,17:30:34,Parrot,Safety Monitoring,90.15,84.35,2.08,93.88,0.84,19.24,No,11,7.4,0,0.13866666666666666,0.0,0.13599999999999998,0.0,0.0,0.1924,0.09166666666666666,7.4105333333333325,High priority / low risk
MSN-2021-009678,DRN-0456,2021-06-16,01:18:22,Custom,Road Survey,100.0,93.18,2.43,81.96,0.5,8.26,No,22,8.0,0,0.162,0.07600000000000015,0.0,0.0,0.0,0.08259999999999999,0.18333333333333332,7.426133333333334,High priority / low risk
MSN-2024-005070,DRN-0424,2024-01-22,08:33:48,DJI,Thermal Inspection,94.52,93.33,3.47,83.6,0.19,5.85,No,15,4.2,0,0.23133333333333334,0.03500000000000014,0.0,0.0,0.0,0.058499999999999996,0.125,7.437333333333336,High priority / low risk
MSN-2026-012771,DRN-0290,2026-03-05,20:12:03,Autel,Road Survey,93.44,78.71,0.53,86.25,1.24,18.47,No,10,3.7,0,0.035333333333333335,0.0,0.296,0.0,0.025800000000000125,0.18469999999999998,0.08333333333333333,7.438666666666668,High priority / low risk
MSN-2021-013850,DRN-0555,2021-06-12,11:48:31,Custom,Perimeter Surveillance,94.54,92.73,1.74,87.96,0.55,27.52,No,29,1.0,0,0.116,0.0,0.020000000000000018,0.0,0.0,0.2752,0.24166666666666667,7.450266666666668,High priority / low risk
MSN-2025-009389,DRN-0146,2025-07-18,22:13:19,Custom,Perimeter Surveillance,90.4,96.01,2.76,81.78,0.39,22.35,No,2,4.1,0,0.184,0.08049999999999997,0.0,0.0,0.0,0.2235,0.016666666666666666,7.451666666666666,High priority / low risk
MSN-2026-006094,DRN-0221,2026-03-05,00:34:58,Custom,Network Site Survey,88.79,99.39,2.59,85.11,0.61,21.54,No,9,5.5,0,0.17266666666666666,0.0,0.044,0.040333333333333124,0.0,0.21539999999999998,0.075,7.452533333333331,High priority / low risk
MSN-2021-002382,DRN-0515,2021-03-17,12:50:26,DJI,Wind Turbine Inspection,87.03,81.57,2.78,83.88,0.27,13.58,No,5,7.5,0,0.18533333333333332,0.028000000000000115,0.0,0.09899999999999996,0.0,0.1358,0.041666666666666664,7.470400000000001,High priority / low risk
MSN-2023-010216,DRN-0174,2023-08-16,00:43:22,Custom,Safety Monitoring,89.65,99.06,1.33,95.95,0.38,13.99,No,51,6.3,0,0.08866666666666667,0.0,0.0,0.011666666666666476,0.0,0.1399,0.425,7.483199999999998,High priority / low risk
MSN-2022-014290,DRN-0592,2022-01-12,04:18:04,DJI,Site Survey,96.24,86.89,1.89,96.97,0.48,24.52,No,33,3.7,0,0.126,0.0,0.0,0.0,0.0,0.2452,0.275,7.483600000000001,High priority / low risk
MSN-2025-002167,DRN-0666,2025-02-03,13:48:06,Autel,Search and Rescue,92.1,79.87,4.37,88.98,0.48,6.32,No,7,8.2,0,0.29133333333333333,0.0,0.0,0.0,0.0025999999999999092,0.0632,0.058333333333333334,7.5190666666666655,High priority / low risk
MSN-2023-006564,DRN-0622,2023-10-11,15:57:03,Custom,Bridge Inspection,99.97,93.46,3.15,83.06,0.22,20.18,No,5,5.3,0,0.21,0.048499999999999946,0.0,0.0,0.0,0.2018,0.041666666666666664,7.524066666666665,High priority / low risk
MSN-2024-001504,DRN-0311,2024-06-23,22:19:27,DJI,Search and Rescue,92.47,86.04,1.24,76.08,0.42,4.5,No,16,5.2,0,0.08266666666666667,0.22300000000000003,0.0,0.0,0.0,0.045,0.13333333333333333,7.526,High priority / low risk
MSN-2023-012220,DRN-0694,2023-01-07,18:19:16,DJI,Network Site Survey,85.07,95.85,2.15,87.02,0.44,19.74,No,6,4.1,0,0.14333333333333334,0.0,0.0,0.16433333333333355,0.0,0.1974,0.05,7.5332000000000034,High priority / low risk
MSN-2022-009027,DRN-0269,2022-06-02,09:16:21,Parrot,Tower Inspection,91.07,91.62,1.34,92.45,0.65,34.12,No,24,6.7,0,0.08933333333333333,0.0,0.06000000000000001,0.0,0.0,0.34119999999999995,0.2,7.534933333333334,High priority / low risk
MSN-2023-002265,DRN-0318,2023-09-19,08:21:55,Custom,Field Mapping,96.66,99.46,2.19,81.91,0.54,23.47,No,10,7.5,0,0.146,0.07725000000000008,0.016000000000000014,0.0,0.0,0.2347,0.08333333333333333,7.537433333333335,High priority / low risk
MSN-2026-014310,DRN-0241,2026-01-01,01:36:39,Custom,Network Site Survey,82.6,95.11,1.26,97.08,0.33,4.27,No,23,7.4,0,0.084,0.0,0.0,0.24666666666666687,0.0,0.042699999999999995,0.19166666666666668,7.559600000000004,High priority / low risk
MSN-2024-012887,DRN-0593,2024-10-20,02:56:37,DJI,Wind Turbine Inspection,94.06,82.03,3.59,86.01,0.48,0.59,No,27,1.7,0,0.23933333333333331,0.0,0.0,0.0,0.0,0.0059,0.225,7.5625333333333336,High priority / low risk
MSN-2022-002641,DRN-0516,2022-12-01,15:08:50,Parrot,Thermal Inspection,97.88,87.1,1.35,91.58,0.69,6.79,No,48,5.5,0,0.09000000000000001,0.0,0.07599999999999998,0.0,0.0,0.0679,0.4,7.587200000000001,High priority / low risk
MSN-2023-012157,DRN-0128,2023-03-30,18:34:15,Parrot,Solar Farm Inspection,92.85,89.9,0.99,98.4,0.31,27.75,No,47,3.6,0,0.066,0.0,0.0,0.0,0.0,0.2775,0.39166666666666666,7.588666666666668,High priority / low risk
MSN-2024-001822,DRN-0105,2024-04-24,06:57:21,DJI,Road Survey,92.82,97.6,0.93,83.0,1.1,15.22,No,9,6.6,0,0.062000000000000006,0.05,0.24000000000000005,0.0,0.0,0.1522,0.075,7.5916000000000015,High priority / low risk
MSN-2025-011679,DRN-0382,2025-01-07,18:37:04,Parrot,Road Survey,92.17,90.39,0.81,97.26,0.23,28.15,No,50,4.8,0,0.054000000000000006,0.0,0.0,0.0,0.0,0.2815,0.4166666666666667,7.606666666666667,High priority / low risk
MSN-2025-014829,DRN-0252,2025-02-16,23:23:19,Custom,Emergency Response,93.91,95.76,2.93,82.12,0.16,0.18,No,24,3.8,0,0.19533333333333333,0.07199999999999988,0.0,0.0,0.0,0.0018,0.2,7.607733333333331,High priority / low risk
MSN-2026-010596,DRN-0459,2026-03-05,14:45:38,Parrot,Wind Turbine Inspection,95.24,83.4,1.4,88.07,0.51,26.04,No,41,8.2,0,0.09333333333333332,0.0,0.0040000000000000036,0.0,0.0,0.26039999999999996,0.3416666666666667,7.6091999999999995,High priority / low risk
MSN-2022-006528,DRN-0736,2022-10-03,06:34:20,Custom,Safety Monitoring,95.97,97.29,2.6,93.29,0.6,10.59,No,29,7.3,0,0.17333333333333334,0.0,0.039999999999999994,0.0,0.0,0.1059,0.24166666666666667,7.6372,High priority / low risk
MSN-2023-013225,DRN-0604,2023-12-26,11:30:04,Parrot,Thermal Inspection,88.64,98.15,2.64,97.12,0.54,12.4,No,23,7.9,0,0.17600000000000002,0.0,0.016000000000000014,0.045333333333333316,0.0,0.124,0.19166666666666668,7.639333333333334,High priority / low risk
MSN-2024-008760,DRN-0250,2024-12-12,20:19:22,DJI,Wind Turbine Inspection,91.69,99.53,0.52,97.28,0.38,26.71,No,57,7.7,0,0.034666666666666665,0.0,0.0,0.0,0.0,0.2671,0.475,7.649466666666667,High priority / low risk
MSN-2026-013468,DRN-0232,2026-01-18,05:40:58,Autel,Network Site Survey,88.77,96.44,2.11,84.27,0.66,11.58,No,22,5.2,0,0.14066666666666666,0.0182500000000001,0.06400000000000002,0.041000000000000134,0.0,0.1158,0.18333333333333332,7.652900000000004,High priority / low risk
MSN-2025-010513,DRN-0224,2025-01-30,20:58:08,Custom,Site Survey,92.09,84.45,1.08,94.09,0.72,1.09,No,57,3.9,0,0.07200000000000001,0.0,0.088,0.0,0.0,0.0109,0.475,7.6532,High priority / low risk
MSN-2023-004725,DRN-0479,2023-08-20,17:26:34,Autel,Site Survey,91.36,87.04,1.48,79.57,0.62,6.83,No,22,4.6,0,0.09866666666666667,0.13575000000000018,0.048,0.0,0.0,0.0683,0.18333333333333332,7.665900000000003,High priority / low risk
MSN-2021-010701,DRN-0565,2021-03-02,18:46:51,Parrot,Site Survey,96.36,88.52,2.49,89.16,0.93,2.45,No,17,2.0,0,0.166,0.0,0.17200000000000001,0.0,0.0,0.0245,0.14166666666666666,7.672666666666666,High priority / low risk
MSN-2026-005606,DRN-0609,2026-05-04,13:48:08,Parrot,Stockpile Measurement,90.21,86.36,3.21,87.35,0.28,12.11,No,24,1.1,0,0.214,0.0,0.0,0.0,0.0,0.1211,0.2,7.6768,High priority / low risk
MSN-2022-006948,DRN-0550,2022-02-01,13:45:43,Custom,Network Site Survey,93.67,89.19,1.2,89.91,0.23,22.93,No,49,2.8,0,0.08,0.0,0.0,0.0,0.0,0.2293,0.4083333333333333,7.677733333333333,High priority / low risk
MSN-2022-014125,DRN-0467,2022-01-19,16:25:12,Custom,Safety Monitoring,97.72,95.85,3.57,83.16,0.65,7.59,No,2,3.4,0,0.238,0.04600000000000008,0.06000000000000001,0.0,0.0,0.0759,0.016666666666666666,7.6778666666666675,High priority / low risk
MSN-2021-005266,DRN-0268,2021-10-14,00:46:12,DJI,Emergency Response,91.61,84.24,2.69,87.52,0.22,22.79,No,23,7.6,0,0.17933333333333332,0.0,0.0,0.0,0.0,0.2279,0.19166666666666668,7.6852,High priority / low risk
MSN-2022-004547,DRN-0353,2022-06-08,21:58:02,Custom,Crop Health Survey,98.64,88.16,2.08,98.12,0.72,25.16,No,17,5.8,0,0.13866666666666666,0.0,0.088,0.0,0.0,0.2516,0.14166666666666666,7.712133333333332,High priority / low risk
MSN-2021-004719,DRN-0728,2021-03-30,10:24:34,DJI,Site Survey,97.21,88.41,2.25,85.12,0.62,26.16,No,20,3.2,0,0.15,0.0,0.048,0.0,0.0,0.2616,0.16666666666666666,7.731466666666667,High priority / low risk
MSN-2021-008455,DRN-0235,2021-08-08,03:44:16,Custom,Safety Monitoring,85.62,80.58,1.48,98.26,0.45,29.41,No,14,1.8,0,0.09866666666666667,0.0,0.0,0.14599999999999985,0.0,0.29410000000000003,0.11666666666666667,7.734133333333333,High priority / low risk
MSN-2021-010460,DRN-0515,2021-12-06,09:53:10,Custom,Wind Turbine Inspection,93.35,81.18,0.9,80.89,0.71,12.3,No,29,7.2,0,0.060000000000000005,0.10274999999999998,0.08399999999999999,0.0,0.0,0.12300000000000001,0.24166666666666667,7.746166666666666,High priority / low risk
MSN-2023-004516,DRN-0653,2023-04-16,20:24:48,DJI,Network Site Survey,96.87,95.51,0.63,90.82,1.38,12.27,No,11,3.8,0,0.042,0.0,0.352,0.0,0.0,0.12269999999999999,0.09166666666666666,7.7502666666666675,High priority / low risk
MSN-2025-000516,DRN-0498,2025-09-30,02:32:50,Custom,Search and Rescue,99.62,85.34,3.47,98.0,0.31,7.35,No,25,4.8,0,0.23133333333333334,0.0,0.0,0.0,0.0,0.0735,0.20833333333333334,7.7606666666666655,High priority / low risk
MSN-2026-011395,DRN-0173,2026-01-02,03:25:42,Custom,Precision Spraying,98.05,86.82,0.6,98.88,0.62,26.63,No,49,7.1,0,0.04,0.0,0.048,0.0,0.0,0.2663,0.4083333333333333,7.7657333333333325,High priority / low risk
MSN-2022-010870,DRN-0435,2022-06-26,02:59:15,Autel,Field Mapping,99.47,86.85,1.33,95.57,0.49,34.22,No,37,2.3,0,0.08866666666666667,0.0,0.0,0.0,0.0,0.3422,0.30833333333333335,7.771600000000001,High priority / low risk
MSN-2024-001118,DRN-0155,2024-08-02,19:22:36,Custom,Stockpile Measurement,95.84,78.27,2.26,92.6,0.26,22.11,No,29,2.0,0,0.15066666666666664,0.0,0.0,0.0,0.03460000000000008,0.2211,0.24166666666666667,7.776933333333334,High priority / low risk
MSN-2021-004611,DRN-0666,2021-02-20,01:57:20,Custom,Crop Health Survey,99.84,83.83,2.62,82.22,0.18,2.4,No,30,7.0,0,0.17466666666666666,0.06950000000000003,0.0,0.0,0.0,0.024,0.25,7.785666666666667,High priority / low risk
MSN-2022-004929,DRN-0363,2022-09-12,22:48:28,DJI,Power Line Inspection,96.95,94.59,2.84,95.47,0.72,12.2,No,17,5.8,0,0.18933333333333333,0.0,0.088,0.0,0.0,0.122,0.14166666666666666,7.79,High priority / low risk
MSN-2023-006320,DRN-0551,2023-02-14,18:08:36,Custom,Power Line Inspection,94.93,79.59,0.75,84.49,0.96,22.76,No,24,3.7,0,0.05,0.012750000000000128,0.184,0.0,0.008199999999999931,0.22760000000000002,0.2,7.791900000000003,High priority / low risk
MSN-2021-013565,DRN-0558,2021-12-12,09:49:30,DJI,Solar Farm Inspection,98.2,90.0,0.78,86.14,0.52,25.46,No,54,8.1,0,0.052000000000000005,0.0,0.008000000000000007,0.0,0.0,0.2546,0.45,7.7928,High priority / low risk
MSN-2021-002409,DRN-0701,2021-01-14,23:24:45,DJI,Tower Inspection,94.29,80.11,1.68,98.46,0.62,31.34,No,26,6.3,0,0.112,0.0,0.048,0.0,0.0,0.3134,0.21666666666666667,7.809866666666668,High priority / low risk
MSN-2023-002090,DRN-0486,2023-06-22,15:21:31,Custom,Medical Delivery,91.15,85.64,2.19,91.13,0.43,18.96,No,37,2.5,0,0.146,0.0,0.0,0.0,0.0,0.18960000000000002,0.30833333333333335,7.812133333333334,High priority / low risk
MSN-2021-011579,DRN-0117,2021-10-11,16:35:43,DJI,Perimeter Surveillance,90.01,97.15,3.39,97.47,0.34,11.61,No,23,6.9,0,0.226,0.0,0.0,0.0,0.0,0.1161,0.19166666666666668,7.817466666666667,High priority / low risk
MSN-2022-005782,DRN-0737,2022-04-24,19:14:41,Custom,Perimeter Surveillance,96.25,78.68,3.62,96.24,0.34,17.35,No,11,7.6,0,0.24133333333333334,0.0,0.0,0.0,0.026399999999999865,0.17350000000000002,0.09166666666666666,7.825199999999999,High priority / low risk
MSN-2023-010436,DRN-0488,2023-02-14,07:39:11,Autel,Bridge Inspection,92.21,93.52,1.06,75.69,0.83,0.85,No,2,2.5,0,0.07066666666666667,0.23275000000000007,0.13199999999999998,0.0,0.0,0.0085,0.016666666666666666,7.826833333333334,High priority / low risk
MSN-2022-005309,DRN-0596,2022-09-17,16:41:33,Autel,Site Survey,88.98,86.02,3.03,90.68,0.78,9.52,No,7,2.3,0,0.20199999999999999,0.0,0.11200000000000002,0.03399999999999987,0.0,0.09519999999999999,0.058333333333333334,7.832933333333332,High priority / low risk
MSN-2023-011563,DRN-0452,2023-05-09,16:25:02,Custom,Safety Monitoring,89.8,80.63,2.18,95.16,0.44,20.35,No,35,5.1,0,0.14533333333333334,0.0,0.0,0.006666666666666762,0.0,0.20350000000000001,0.2916666666666667,7.8353333333333355,High priority / low risk
MSN-2022-014816,DRN-0502,2022-02-07,04:36:29,DJI,Thermal Inspection,88.75,84.94,1.45,81.85,0.68,17.1,No,16,4.2,0,0.09666666666666666,0.07875000000000014,0.07200000000000002,0.041666666666666664,0.0,0.171,0.13333333333333333,7.836833333333337,High priority / low risk
MSN-2025-012227,DRN-0641,2025-06-10,02:12:20,DJI,Stockpile Measurement,85.83,84.44,1.98,88.91,0.54,21.05,No,13,7.0,0,0.132,0.0,0.016000000000000014,0.13900000000000007,0.0,0.21050000000000002,0.10833333333333334,7.841333333333335,High priority / low risk
MSN-2021-014146,DRN-0425,2021-05-16,10:43:11,DJI,Field Mapping,100.0,96.82,1.75,85.05,0.53,27.47,No,35,8.2,0,0.11666666666666667,0.0,0.01200000000000001,0.0,0.0,0.2747,0.2916666666666667,7.848933333333334,High priority / low risk
MSN-2021-010146,DRN-0726,2021-05-04,09:38:08,DJI,Crop Health Survey,95.22,83.5,1.26,84.34,1.23,8.82,No,11,6.9,0,0.084,0.016499999999999914,0.292,0.0,0.0,0.0882,0.09166666666666666,7.855266666666664,High priority / low risk
MSN-2021-012515,DRN-0383,2021-04-05,00:09:56,Custom,Emergency Response,90.8,88.97,1.71,75.1,0.36,5.97,No,5,4.7,0,0.114,0.24750000000000014,0.0,0.0,0.0,0.059699999999999996,0.041666666666666664,7.8572666666666695,High priority / low risk
MSN-2022-010891,DRN-0650,2022-02-28,07:43:28,Custom,Emergency Response,95.11,86.36,2.16,85.87,0.43,5.5,No,51,8.4,0,0.14400000000000002,0.0,0.0,0.0,0.0,0.055,0.425,7.858000000000001,High priority / low risk
MSN-2025-004701,DRN-0425,2025-09-09,09:44:50,Custom,Tower Inspection,94.9,96.36,1.21,88.86,0.32,27.17,No,47,5.2,0,0.08066666666666666,0.0,0.0,0.0,0.0,0.2717,0.39166666666666666,7.864933333333333,High priority / low risk
MSN-2025-006863,DRN-0215,2025-08-22,08:57:27,DJI,Site Survey,94.44,86.97,0.8,80.21,0.37,22.69,No,33,6.7,0,0.05333333333333334,0.11975000000000016,0.0,0.0,0.0,0.22690000000000002,0.275,7.894033333333336,High priority / low risk
MSN-2022-003414,DRN-0288,2022-10-30,08:15:46,Custom,Emergency Response,96.69,99.11,0.88,96.63,0.32,25.4,No,55,1.4,0,0.058666666666666666,0.0,0.0,0.0,0.0,0.254,0.4583333333333333,7.906000000000001,High priority / low risk
MSN-2024-000946,DRN-0635,2024-12-09,00:15:45,Autel,Network Site Survey,86.27,85.17,3.16,97.01,0.22,8.79,No,10,1.9,0,0.21066666666666667,0.0,0.0,0.12433333333333346,0.0,0.08789999999999999,0.08333333333333333,7.911866666666668,High priority / low risk
MSN-2021-005533,DRN-0661,2021-12-03,03:10:53,Autel,Search and Rescue,91.29,87.68,1.21,88.62,0.55,9.68,No,61,0.7,0,0.08066666666666666,0.0,0.020000000000000018,0.0,0.0,0.0968,0.5083333333333333,7.9124,High priority / low risk
MSN-2023-001245,DRN-0344,2023-02-23,12:02:34,DJI,Road Survey,90.52,81.71,1.13,87.96,1.27,21.29,No,3,3.0,0,0.07533333333333332,0.0,0.308,0.0,0.0,0.21289999999999998,0.025,7.922533333333334,High priority / low risk
MSN-2026-007002,DRN-0197,2026-05-25,16:12:36,Custom,Network Site Survey,85.6,80.56,0.71,92.06,0.68,23.03,No,24,4.9,0,0.04733333333333333,0.0,0.07200000000000002,0.14666666666666686,0.0,0.2303,0.2,7.94506666666667,High priority / low risk
MSN-2021-004761,DRN-0521,2021-09-23,05:44:10,Parrot,Thermal Inspection,84.17,98.08,1.67,89.92,0.45,10.78,No,23,3.0,0,0.11133333333333333,0.0,0.0,0.19433333333333327,0.0,0.10779999999999999,0.19166666666666668,7.949066666666667,High priority / low risk
MSN-2022-008528,DRN-0187,2022-09-07,11:17:38,Parrot,Search and Rescue,92.57,88.92,3.08,94.9,0.82,6.07,No,14,4.4,0,0.20533333333333334,0.0,0.12799999999999997,0.0,0.0,0.060700000000000004,0.11666666666666667,7.961600000000001,High priority / low risk
MSN-2023-008980,DRN-0377,2023-12-05,23:07:00,DJI,Power Line Inspection,92.33,93.85,2.87,98.39,0.54,25.43,No,18,1.5,0,0.19133333333333333,0.0,0.016000000000000014,0.0,0.0,0.25429999999999997,0.15,7.967733333333333,High priority / low risk
MSN-2025-001533,DRN-0304,2025-12-13,23:20:57,DJI,Safety Monitoring,91.66,88.93,0.82,88.83,0.95,5.17,No,46,6.9,0,0.05466666666666666,0.0,0.18,0.0,0.0,0.051699999999999996,0.38333333333333336,7.969600000000001,High priority / low risk
MSN-2023-002788,DRN-0701,2023-05-30,07:00:58,Parrot,Bridge Inspection,86.89,85.81,1.07,87.14,0.58,5.24,No,49,2.9,0,0.07133333333333333,0.0,0.03199999999999999,0.10366666666666664,0.0,0.0524,0.4083333333333333,7.9712000000000005,High priority / low risk
MSN-2026-001651,DRN-0569,2026-06-01,13:58:00,Parrot,Power Line Inspection,91.82,84.77,2.35,86.71,0.64,20.9,No,25,2.1,0,0.15666666666666668,0.0,0.05600000000000001,0.0,0.0,0.209,0.20833333333333334,7.986,High priority / low risk
MSN-2022-003941,DRN-0687,2022-11-22,19:19:13,Parrot,Crop Health Survey,90.64,87.31,1.92,93.8,0.26,12.6,No,50,5.6,0,0.128,0.0,0.0,0.0,0.0,0.126,0.4166666666666667,7.990666666666668,High priority / low risk
MSN-2024-006209,DRN-0384,2024-01-22,23:48:26,Custom,Field Mapping,93.34,93.93,1.6,93.27,0.44,1.82,No,66,3.5,0,0.10666666666666667,0.0,0.0,0.0,0.0,0.0182,0.55,7.992266666666667,High priority / low risk
MSN-2021-002699,DRN-0247,2021-12-31,03:04:20,Autel,Search and Rescue,94.02,96.35,1.03,99.4,0.72,17.72,No,46,2.2,0,0.06866666666666667,0.0,0.088,0.0,0.0,0.1772,0.38333333333333336,7.993600000000001,High priority / low risk
MSN-2024-003246,DRN-0539,2024-02-19,21:33:56,Parrot,Thermal Inspection,88.93,84.86,0.79,76.21,0.66,13.57,No,5,8.4,0,0.05266666666666667,0.21975000000000017,0.06400000000000002,0.03566666666666644,0.0,0.13570000000000002,0.041666666666666664,8.011766666666666,High priority / low risk
MSN-2022-013603,DRN-0146,2022-03-31,13:57:39,DJI,Bridge Inspection,95.39,85.16,1.31,80.99,0.34,24.46,No,28,1.3,0,0.08733333333333333,0.10025000000000013,0.0,0.0,0.0,0.2446,0.23333333333333334,8.01596666666667,High priority / low risk
MSN-2026-010842,DRN-0355,2026-07-24,11:43:02,Custom,Solar Farm Inspection,93.46,95.53,2.95,88.71,1.05,7.67,No,0,7.2,0,0.19666666666666668,0.0,0.22000000000000003,0.0,0.0,0.0767,0.0,8.020266666666668,High priority / low risk
MSN-2022-008371,DRN-0649,2022-03-05,12:37:38,Parrot,Search and Rescue,89.93,81.5,0.86,99.16,0.46,5.97,No,75,6.4,0,0.05733333333333333,0.0,0.0,0.002333333333333106,0.0,0.059699999999999996,0.625,8.021599999999998,High priority / low risk
MSN-2023-009347,DRN-0409,2023-01-30,01:26:37,Custom,Crop Health Survey,93.87,86.31,1.05,84.01,1.01,8.65,No,30,1.6,0,0.07,0.024749999999999873,0.20400000000000001,0.0,0.0,0.08650000000000001,0.25,8.033499999999998,High priority / low risk
MSN-2021-007771,DRN-0278,2021-03-03,13:25:55,Custom,Site Survey,95.5,83.94,4.18,86.03,0.41,8.17,No,15,1.2,0,0.2786666666666667,0.0,0.0,0.0,0.0,0.0817,0.125,8.034266666666666,High priority / low risk
MSN-2022-012774,DRN-0125,2022-02-04,06:52:58,DJI,Emergency Response,92.99,97.72,4.86,92.76,0.17,8.23,No,3,5.3,0,0.324,0.0,0.0,0.0,0.0,0.0823,0.025,8.036399999999999,High priority / low risk
MSN-2021-008803,DRN-0660,2021-08-09,02:48:56,Autel,Field Mapping,86.42,82.37,0.65,83.32,0.6,27.27,No,23,7.6,0,0.043333333333333335,0.04200000000000017,0.039999999999999994,0.11933333333333328,0.0,0.2727,0.19166666666666668,8.038266666666669,High priority / low risk
MSN-2023-002789,DRN-0477,2023-06-25,04:10:39,Custom,Tower Inspection,95.8,79.24,0.74,84.19,0.93,12.27,No,37,3.0,0,0.04933333333333333,0.020250000000000056,0.17200000000000001,0.0,0.015200000000000102,0.12269999999999999,0.30833333333333335,8.044366666666669,High priority / low risk
MSN-2021-005957,DRN-0122,2021-06-13,17:40:43,Parrot,Safety Monitoring,97.87,80.62,1.16,79.61,0.59,2.09,No,39,2.1,0,0.07733333333333332,0.13475,0.03599999999999999,0.0,0.0,0.0209,0.325,8.048033333333334,High priority / low risk
MSN-2025-003286,DRN-0109,2025-03-07,08:35:25,Custom,Medical Delivery,89.02,97.29,3.37,95.18,0.31,27.92,No,5,6.2,0,0.22466666666666668,0.0,0.0,0.0326666666666668,0.0,0.2792,0.041666666666666664,8.050266666666667,High priority / low risk
MSN-2023-009371,DRN-0566,2023-08-31,02:54:27,Parrot,Power Line Inspection,97.88,91.39,3.39,99.49,0.46,6.22,No,31,2.0,0,0.226,0.0,0.0,0.0,0.0,0.0622,0.25833333333333336,8.052933333333334,High priority / low risk
MSN-2023-009244,DRN-0435,2023-03-03,16:07:27,DJI,Construction Progress,88.77,90.93,3.04,88.82,0.21,14.88,No,22,3.3,0,0.20266666666666666,0.0,0.0,0.041000000000000134,0.0,0.14880000000000002,0.18333333333333332,8.056400000000002,High priority / low risk
MSN-2023-006886,DRN-0190,2023-07-11,11:14:57,Custom,Safety Monitoring,90.35,84.73,2.88,93.93,0.57,23.32,No,19,7.6,0,0.192,0.0,0.02799999999999998,0.0,0.0,0.2332,0.15833333333333333,8.064933333333334,High priority / low risk
MSN-2021-009449,DRN-0236,2021-11-21,20:19:20,DJI,Network Site Survey,89.85,94.69,0.76,89.59,0.42,6.85,No,76,5.0,0,0.050666666666666665,0.0,0.0,0.005000000000000189,0.0,0.06849999999999999,0.6333333333333333,8.066000000000004,High priority / low risk
MSN-2021-006975,DRN-0295,2021-12-29,11:31:56,Custom,Road Survey,95.79,95.05,1.17,74.76,0.5,4.11,No,17,2.7,0,0.078,0.2559999999999999,0.0,0.0,0.0,0.041100000000000005,0.14166666666666666,8.069466666666667,High priority / low risk
MSN-2026-014925,DRN-0771,2026-04-25,02:59:56,Custom,Wind Turbine Inspection,84.76,85.36,2.67,83.81,0.26,1.13,No,13,5.5,0,0.178,0.029749999999999943,0.0,0.1746666666666665,0.0,0.0113,0.10833333333333334,8.070566666666663,High priority / low risk
MSN-2026-007366,DRN-0575,2026-02-19,17:22:15,Custom,Wind Turbine Inspection,84.86,92.61,1.87,85.28,0.83,11.44,No,2,5.1,0,0.12466666666666668,0.0,0.13199999999999998,0.17133333333333337,0.0,0.1144,0.016666666666666666,8.0712,High priority / low risk
MSN-2022-004214,DRN-0556,2022-09-16,05:32:02,Parrot,Site Survey,86.58,86.74,0.53,84.09,0.86,1.36,No,38,4.0,0,0.035333333333333335,0.022749999999999916,0.144,0.11400000000000006,0.0,0.013600000000000001,0.31666666666666665,8.0743,High priority / low risk
MSN-2023-011257,DRN-0744,2023-01-29,08:49:36,DJI,Construction Progress,97.73,87.73,1.21,93.81,1.08,23.85,No,14,1.2,0,0.08066666666666666,0.0,0.23200000000000004,0.0,0.0,0.23850000000000002,0.11666666666666667,8.097333333333335,High priority / low risk
MSN-2022-008786,DRN-0468,2022-03-20,08:27:20,Custom,Search and Rescue,96.57,83.99,1.48,95.64,1.07,22.84,No,11,3.1,0,0.09866666666666667,0.0,0.22800000000000004,0.0,0.0,0.2284,0.09166666666666666,8.106533333333335,High priority / low risk
MSN-2025-000277,DRN-0286,2025-01-25,00:41:38,DJI,Stockpile Measurement,94.56,81.08,1.7,82.87,0.38,12.41,No,44,3.8,0,0.11333333333333333,0.05324999999999989,0.0,0.0,0.0,0.1241,0.36666666666666664,8.111299999999998,High priority / low risk
MSN-2021-012847,DRN-0770,2021-09-16,14:59:20,DJI,Wind Turbine Inspection,97.47,91.7,2.12,79.03,0.47,16.47,No,12,7.8,0,0.14133333333333334,0.14924999999999997,0.0,0.0,0.0,0.16469999999999999,0.1,8.113433333333333,High priority / low risk
MSN-2022-002118,DRN-0325,2022-02-17,13:41:55,Custom,Field Mapping,93.08,82.75,4.83,95.41,0.58,3.12,No,4,8.5,0,0.322,0.0,0.03199999999999999,0.0,0.0,0.031200000000000002,0.03333333333333333,8.114933333333333,High priority / low risk
MSN-2022-005162,DRN-0482,2022-01-12,22:32:49,Autel,Power Line Inspection,90.89,98.41,2.49,82.91,1.01,5.22,No,3,6.5,0,0.166,0.05225000000000009,0.20400000000000001,0.0,0.0,0.052199999999999996,0.025,8.116100000000003,High priority / low risk
MSN-2024-005796,DRN-0762,2024-04-28,15:13:19,Custom,Stockpile Measurement,93.67,80.75,3.44,95.14,0.29,8.21,No,29,7.7,0,0.22933333333333333,0.0,0.0,0.0,0.0,0.0821,0.24166666666666667,8.1188,High priority / low risk
MSN-2025-014740,DRN-0775,2025-10-30,01:57:18,Custom,Road Survey,91.86,79.37,2.52,78.91,0.43,10.41,No,9,4.4,0,0.168,0.15225000000000008,0.0,0.0,0.01259999999999991,0.1041,0.075,8.120099999999999,High priority / low risk
MSN-2021-005869,DRN-0206,2021-12-15,14:24:33,Custom,Network Site Survey,83.04,96.74,0.58,97.31,0.2,19.14,No,30,3.7,0,0.03866666666666666,0.0,0.0,0.2319999999999998,0.0,0.19140000000000001,0.25,8.129866666666665,High priority / low risk
MSN-2025-000015,DRN-0115,2025-05-25,02:31:11,Custom,Wind Turbine Inspection,93.46,89.79,2.77,86.09,0.47,24.91,No,25,6.6,0,0.18466666666666667,0.0,0.0,0.0,0.0,0.2491,0.20833333333333334,8.138799999999998,High priority / low risk
MSN-2021-002964,DRN-0555,2021-11-28,16:36:56,DJI,Perimeter Surveillance,88.12,91.86,1.44,77.84,0.44,22.08,No,2,5.9,0,0.096,0.1789999999999999,0.0,0.06266666666666651,0.0,0.2208,0.016666666666666666,8.144399999999996,High priority / low risk
MSN-2022-011568,DRN-0195,2022-07-16,22:18:51,Custom,Solar Farm Inspection,85.26,80.83,0.71,96.9,0.35,34.06,No,26,1.3,0,0.04733333333333333,0.0,0.0,0.15799999999999984,0.0,0.3406,0.21666666666666667,8.1448,High priority / low risk
MSN-2025-001141,DRN-0773,2025-08-27,22:35:12,DJI,Stockpile Measurement,81.67,82.13,1.87,88.12,0.6,8.82,No,3,5.5,0,0.12466666666666668,0.0,0.039999999999999994,0.2776666666666666,0.0,0.0882,0.025,8.1456,High priority / low risk
MSN-2025-009505,DRN-0189,2025-09-20,04:04:40,Custom,Bridge Inspection,88.66,79.18,0.69,89.13,0.18,27.67,No,50,4.2,0,0.046,0.0,0.0,0.04466666666666678,0.016399999999999863,0.2767,0.4166666666666667,8.148800000000001,High priority / low risk
MSN-2023-007909,DRN-0603,2023-04-11,04:46:33,Autel,Stockpile Measurement,95.77,86.44,1.58,80.24,0.24,7.65,No,37,1.0,0,0.10533333333333333,0.11900000000000013,0.0,0.0,0.0,0.0765,0.30833333333333335,8.15466666666667,High priority / low risk
MSN-2023-000129,DRN-0514,2023-05-09,16:39:06,Custom,Parcel Delivery,94.75,83.51,0.78,78.29,0.62,41.53,No,0,6.1,0,0.052000000000000005,0.16774999999999984,0.048,0.0,0.0,0.4153,0.0,8.157899999999998,High priority / low risk
MSN-2023-010039,DRN-0681,2023-12-20,15:51:31,Autel,Network Site Survey,88.19,97.28,2.3,96.29,0.8,17.85,No,10,0.7,0,0.15333333333333332,0.0,0.12000000000000002,0.06033333333333341,0.0,0.17850000000000002,0.08333333333333333,8.159333333333334,High priority / low risk
MSN-2024-002529,DRN-0441,2024-08-29,22:29:06,Custom,Power Line Inspection,100.0,82.49,0.57,91.39,0.9,12.58,No,49,2.1,0,0.038,0.0,0.16,0.0,0.0,0.1258,0.4083333333333333,8.165733333333334,High priority / low risk
MSN-2021-003658,DRN-0735,2021-05-14,04:36:17,Custom,Wind Turbine Inspection,88.39,83.28,1.56,83.95,0.58,10.0,No,41,1.4,0,0.10400000000000001,0.02624999999999993,0.03199999999999999,0.05366666666666665,0.0,0.1,0.3416666666666667,8.176499999999999,High priority / low risk
MSN-2023-012647,DRN-0315,2023-02-17,03:30:17,DJI,Search and Rescue,93.05,98.43,2.86,98.71,0.28,15.42,No,33,6.7,0,0.19066666666666665,0.0,0.0,0.0,0.0,0.1542,0.275,8.178266666666667,High priority / low risk
MSN-2024-012836,DRN-0519,2024-07-14,06:57:46,Custom,Emergency Response,88.86,87.36,2.83,92.34,0.88,8.84,No,8,6.4,0,0.18866666666666668,0.0,0.152,0.03800000000000002,0.0,0.08839999999999999,0.06666666666666667,8.184533333333334,High priority / low risk
MSN-2021-014934,DRN-0505,2021-07-28,10:23:42,Custom,Tower Inspection,88.08,83.22,1.25,92.34,0.83,18.03,No,26,4.5,0,0.08333333333333333,0.0,0.13199999999999998,0.06400000000000006,0.0,0.18030000000000002,0.21666666666666667,8.186400000000003,High priority / low risk
MSN-2024-005320,DRN-0256,2024-12-11,06:36:51,Custom,Emergency Response,96.24,79.13,0.82,83.42,0.33,20.49,No,54,7.6,0,0.05466666666666666,0.03949999999999996,0.0,0.0,0.017400000000000092,0.20489999999999997,0.45,8.192066666666667,High priority / low risk
MSN-2023-014676,DRN-0435,2023-08-19,19:07:26,Custom,Emergency Response,93.37,91.78,2.23,89.69,0.34,15.81,No,44,7.1,0,0.14866666666666667,0.0,0.0,0.0,0.0,0.15810000000000002,0.36666666666666664,8.202133333333334,High priority / low risk
MSN-2022-004306,DRN-0538,2022-06-25,12:19:15,Custom,Safety Monitoring,93.54,84.69,3.42,84.07,0.38,0.38,No,33,7.6,0,0.228,0.02325000000000017,0.0,0.0,0.0,0.0038,0.275,8.214900000000004,High priority / low risk
MSN-2022-009768,DRN-0690,2022-03-02,21:45:22,Custom,Emergency Response,96.25,79.44,1.14,88.81,1.41,7.65,No,9,4.5,0,0.076,0.0,0.364,0.0,0.011200000000000045,0.0765,0.075,8.219600000000002,High priority / low risk
MSN-2021-009625,DRN-0113,2021-02-08,19:48:24,Autel,Crop Health Survey,100.0,91.97,1.65,80.43,0.85,0.46,No,21,5.0,0,0.11,0.11424999999999982,0.13999999999999999,0.0,0.0,0.0046,0.175,8.223299999999997,High priority / low risk
MSN-2021-013722,DRN-0736,2021-11-24,12:34:16,DJI,Road Survey,95.74,98.32,4.03,94.24,0.16,19.7,No,9,2.7,0,0.26866666666666666,0.0,0.0,0.0,0.0,0.19699999999999998,0.075,8.236666666666666,High priority / low risk
MSN-2026-008637,DRN-0407,2026-03-10,15:27:04,Custom,Power Line Inspection,97.34,99.55,0.66,95.61,0.85,33.11,No,32,6.7,0,0.044000000000000004,0.0,0.13999999999999999,0.0,0.0,0.3311,0.26666666666666666,8.243466666666666,High priority / low risk
MSN-2021-012891,DRN-0693,2021-12-24,23:05:02,Autel,Power Line Inspection,82.58,82.43,1.28,94.68,0.78,11.94,No,5,6.8,0,0.08533333333333333,0.0,0.11200000000000002,0.24733333333333338,0.0,0.11939999999999999,0.041666666666666664,8.279866666666667,High priority / low risk
MSN-2025-003148,DRN-0676,2025-05-10,05:30:24,Custom,Wind Turbine Inspection,98.14,85.62,2.55,82.41,0.22,26.56,No,15,1.4,0,0.16999999999999998,0.06475000000000009,0.0,0.0,0.0,0.2656,0.125,8.2803,High priority / low risk
MSN-2021-007807,DRN-0422,2021-06-21,21:10:17,Parrot,Road Survey,91.71,80.97,4.56,94.6,0.45,2.22,No,17,7.8,0,0.304,0.0,0.0,0.0,0.0,0.0222,0.14166666666666666,8.282266666666665,High priority / low risk
MSN-2024-013051,DRN-0669,2024-12-31,15:21:39,Parrot,Tower Inspection,95.34,79.96,5.34,97.45,0.16,5.61,No,0,4.1,0,0.356,0.0,0.0,0.0,0.000800000000000125,0.056100000000000004,0.0,8.287200000000002,High priority / low risk
MSN-2022-004693,DRN-0226,2022-06-25,05:44:52,Autel,Safety Monitoring,89.99,96.05,1.09,91.74,0.63,29.71,No,43,6.7,0,0.07266666666666667,0.0,0.052000000000000005,0.00033333333333350387,0.0,0.29710000000000003,0.35833333333333334,8.291466666666668,High priority / low risk
MSN-2023-013352,DRN-0724,2023-04-07,23:53:04,Parrot,Thermal Inspection,89.57,90.79,3.2,79.96,0.2,1.68,No,12,1.3,0,0.21333333333333335,0.12600000000000017,0.0,0.01433333333333356,0.0,0.0168,0.1,8.296400000000007,High priority / low risk
MSN-2023-008203,DRN-0298,2023-01-27,11:30:31,DJI,Site Survey,89.74,80.82,3.17,83.1,0.67,12.26,No,9,0.8,0,0.21133333333333332,0.04750000000000014,0.06800000000000002,0.008666666666666838,0.0,0.1226,0.075,8.308466666666673,High priority / low risk
MSN-2022-006426,DRN-0729,2022-01-13,21:14:18,DJI,Perimeter Surveillance,85.2,97.64,0.69,81.68,0.43,19.58,No,24,2.4,0,0.046,0.08299999999999982,0.0,0.1599999999999999,0.0,0.19579999999999997,0.2,8.312399999999997,High priority / low risk
MSN-2025-004982,DRN-0137,2025-07-31,17:16:10,Autel,Site Survey,96.93,82.3,1.97,99.25,0.25,27.19,No,39,8.2,0,0.13133333333333333,0.0,0.0,0.0,0.0,0.27190000000000003,0.325,8.314533333333333,High priority / low risk
MSN-2023-005455,DRN-0703,2023-07-23,21:21:55,Autel,Site Survey,91.52,92.17,1.3,91.75,1.3,2.32,No,21,1.1,0,0.08666666666666667,0.0,0.32,0.0,0.0,0.0232,0.175,8.322266666666668,High priority / low risk
MSN-2022-000482,DRN-0446,2022-06-20,17:43:29,Autel,Bridge Inspection,89.45,94.74,1.49,91.27,0.22,2.72,No,68,4.6,0,0.09933333333333333,0.0,0.0,0.01833333333333324,0.0,0.027200000000000002,0.5666666666666667,8.326266666666665,High priority / low risk
MSN-2021-002733,DRN-0556,2021-11-14,18:02:52,Autel,Road Survey,88.65,97.1,0.55,96.53,0.92,19.32,No,36,5.3,0,0.03666666666666667,0.0,0.168,0.04499999999999981,0.0,0.1932,0.3,8.334266666666663,High priority / low risk
MSN-2021-007217,DRN-0177,2021-07-20,13:15:57,Autel,Emergency Response,90.94,98.6,4.23,84.98,0.34,0.65,No,25,1.7,0,0.28200000000000003,0.0004999999999999005,0.0,0.0,0.0,0.006500000000000001,0.20833333333333334,8.348333333333333,High priority / low risk
MSN-2026-011105,DRN-0218,2026-07-15,00:51:19,Autel,Tower Inspection,98.39,88.75,0.98,83.03,0.72,31.8,No,27,3.8,0,0.06533333333333333,0.049249999999999974,0.088,0.0,0.0,0.318,0.225,8.349833333333335,High priority / low risk
MSN-2021-014446,DRN-0732,2021-12-19,22:47:02,DJI,Power Line Inspection,100.0,94.81,4.85,91.28,0.25,2.96,No,12,6.8,0,0.3233333333333333,0.0,0.0,0.0,0.0,0.0296,0.1,8.350133333333332,High priority / low risk
MSN-2023-008820,DRN-0611,2023-10-30,01:24:03,Parrot,Stockpile Measurement,95.3,80.95,2.87,92.71,0.69,28.09,No,10,2.7,0,0.19133333333333333,0.0,0.07599999999999998,0.0,0.0,0.2809,0.08333333333333333,8.353866666666665,High priority / low risk
MSN-2026-006222,DRN-0739,2026-01-17,02:19:45,Custom,Safety Monitoring,94.51,88.22,2.14,92.82,1.01,27.52,No,2,7.0,0,0.14266666666666666,0.0,0.20400000000000001,0.0,0.0,0.2752,0.016666666666666666,8.362933333333334,High priority / low risk
MSN-2022-009669,DRN-0736,2022-06-14,04:31:52,DJI,Solar Farm Inspection,89.51,78.27,1.01,89.66,0.46,9.93,No,67,4.8,0,0.06733333333333333,0.0,0.0,0.01633333333333316,0.03460000000000008,0.0993,0.5583333333333333,8.364533333333332,High priority / low risk
MSN-2022-013838,DRN-0729,2022-04-15,18:24:55,Custom,Safety Monitoring,100.0,84.27,2.84,85.09,0.27,20.21,No,31,3.6,0,0.18933333333333333,0.0,0.0,0.0,0.0,0.2021,0.25833333333333336,8.365466666666666,High priority / low risk
MSN-2025-012486,DRN-0356,2025-06-20,05:05:27,DJI,Road Survey,92.99,83.62,0.94,92.32,1.35,20.66,No,7,4.9,0,0.06266666666666666,0.0,0.34,0.0,0.0,0.2066,0.058333333333333334,8.3748,High priority / low risk
MSN-2022-009520,DRN-0468,2022-12-24,23:44:14,Parrot,Thermal Inspection,98.4,87.81,1.05,73.24,0.4,7.92,No,11,1.4,0,0.07,0.29400000000000015,0.0,0.0,0.0,0.07919999999999999,0.09166666666666666,8.382266666666668,High priority / low risk
MSN-2025-009076,DRN-0159,2025-10-18,06:12:52,Custom,Search and Rescue,90.36,91.11,1.63,91.92,0.39,19.88,No,53,7.2,0,0.10866666666666666,0.0,0.0,0.0,0.0,0.19879999999999998,0.44166666666666665,8.397733333333331,High priority / low risk
MSN-2025-005830,DRN-0148,2025-01-10,14:12:38,Custom,Perimeter Surveillance,92.76,85.04,1.73,97.4,0.34,7.68,No,63,5.8,0,0.11533333333333333,0.0,0.0,0.0,0.0,0.0768,0.525,8.401733333333333,High priority / low risk
MSN-2021-012241,DRN-0708,2021-06-08,00:21:26,DJI,Thermal Inspection,91.94,95.13,2.01,93.96,0.62,27.52,No,31,8.2,0,0.13399999999999998,0.0,0.048,0.0,0.0,0.2752,0.25833333333333336,8.404933333333334,High priority / low risk
MSN-2022-002465,DRN-0303,2022-06-07,20:01:07,DJI,Road Survey,94.56,98.61,0.91,82.25,0.74,8.33,No,46,2.3,0,0.06066666666666667,0.06875,0.096,0.0,0.0,0.0833,0.38333333333333336,8.4159,High priority / low risk
MSN-2021-001540,DRN-0368,2021-05-15,14:49:55,Custom,Wind Turbine Inspection,99.86,93.99,2.0,83.42,0.99,3.49,No,21,8.1,0,0.13333333333333333,0.03949999999999996,0.196,0.0,0.0,0.0349,0.175,8.417533333333333,High priority / low risk
MSN-2025-001190,DRN-0339,2025-12-04,11:20:34,DJI,Stockpile Measurement,90.64,82.36,1.74,91.68,0.25,8.76,No,62,4.2,0,0.116,0.0,0.0,0.0,0.0,0.0876,0.5166666666666667,8.419466666666667,High priority / low risk
MSN-2022-009624,DRN-0321,2022-12-08,04:51:21,DJI,Network Site Survey,90.64,96.26,1.52,90.61,1.38,8.49,No,7,6.2,0,0.10133333333333333,0.0,0.352,0.0,0.0,0.0849,0.058333333333333334,8.419866666666667,High priority / low risk
MSN-2023-011459,DRN-0707,2023-11-02,06:16:34,Parrot,Tower Inspection,99.33,85.48,2.08,94.09,0.59,32.71,No,27,4.1,0,0.13866666666666666,0.0,0.03599999999999999,0.0,0.0,0.3271,0.225,8.421466666666667,High priority / low risk
MSN-2024-010743,DRN-0397,2024-05-11,19:43:08,Custom,Safety Monitoring,92.4,88.8,3.47,87.76,0.74,14.44,No,10,3.0,0,0.23133333333333334,0.0,0.096,0.0,0.0,0.1444,0.08333333333333333,8.421866666666666,High priority / low risk
MSN-2026-006931,DRN-0593,2026-01-21,14:08:23,Custom,Tower Inspection,95.87,81.82,1.27,79.55,0.34,20.09,No,30,4.6,0,0.08466666666666667,0.13625000000000007,0.0,0.0,0.0,0.2009,0.25,8.422366666666667,High priority / low risk
MSN-2022-006076,DRN-0277,2022-01-08,06:31:12,Custom,Wind Turbine Inspection,88.54,94.52,2.1,77.93,0.63,4.23,No,5,5.7,0,0.14,0.17674999999999982,0.052000000000000005,0.048666666666666455,0.0,0.042300000000000004,0.041666666666666664,8.425899999999995,High priority / low risk
MSN-2025-001707,DRN-0388,2025-08-11,09:13:55,DJI,Crop Health Survey,100.0,81.0,2.54,81.62,0.99,2.34,No,3,0.8,0,0.16933333333333334,0.08449999999999988,0.196,0.0,0.0,0.023399999999999997,0.025,8.427533333333331,High priority / low risk
MSN-2021-012002,DRN-0276,2021-12-01,10:52:49,Autel,Network Site Survey,100.0,78.51,1.08,88.64,0.45,20.07,No,60,5.2,0,0.07200000000000001,0.0,0.0,0.0,0.029799999999999896,0.2007,0.5,8.427999999999999,High priority / low risk
MSN-2022-001512,DRN-0741,2022-04-14,17:33:57,DJI,Road Survey,97.69,95.31,2.2,92.65,0.77,6.55,No,38,2.5,0,0.14666666666666667,0.0,0.10800000000000001,0.0,0.0,0.0655,0.31666666666666665,8.429333333333332,High priority / low risk
MSN-2026-000332,DRN-0377,2026-02-08,21:30:32,Custom,Emergency Response,90.37,97.93,2.06,93.42,0.75,32.4,No,17,8.5,0,0.13733333333333334,0.0,0.1,0.0,0.0,0.324,0.14166666666666666,8.430000000000001,High priority / low risk
MSN-2023-011892,DRN-0501,2023-03-25,07:50:54,DJI,Perimeter Surveillance,96.69,87.73,1.81,89.24,0.26,13.88,No,56,3.3,0,0.12066666666666667,0.0,0.0,0.0,0.0,0.1388,0.4666666666666667,8.431733333333332,High priority / low risk
MSN-2025-014151,DRN-0197,2025-12-28,16:44:26,Custom,Power Line Inspection,88.35,95.26,0.52,89.35,0.7,25.38,No,45,7.7,0,0.034666666666666665,0.0,0.07999999999999999,0.05500000000000019,0.0,0.25379999999999997,0.375,8.433066666666669,High priority / low risk
MSN-2026-013213,DRN-0596,2026-03-23,02:29:44,Parrot,Search and Rescue,92.74,95.6,3.29,89.34,0.23,18.04,No,26,7.9,0,0.21933333333333332,0.0,0.0,0.0,0.0,0.1804,0.21666666666666667,8.4352,High priority / low risk
MSN-2024-011746,DRN-0462,2024-10-15,21:02:17,DJI,Road Survey,95.77,80.52,3.11,81.01,0.6,0.31,No,18,6.6,0,0.20733333333333331,0.09974999999999987,0.039999999999999994,0.0,0.0,0.0031,0.15,8.44163333333333,High priority / low risk
MSN-2022-006262,DRN-0262,2022-09-09,13:53:11,Custom,Solar Farm Inspection,94.67,93.72,1.11,92.47,0.76,30.54,No,35,4.0,0,0.07400000000000001,0.0,0.10400000000000001,0.0,0.0,0.3054,0.2916666666666667,8.443866666666668,High priority / low risk
MSN-2023-007653,DRN-0393,2023-05-07,03:04:00,Custom,Site Survey,88.66,96.77,3.04,89.35,0.35,14.0,No,27,4.3,0,0.20266666666666666,0.0,0.0,0.04466666666666678,0.0,0.14,0.225,8.454000000000002,High priority / low risk
MSN-2025-009869,DRN-0683,2025-09-15,00:26:15,Custom,Tower Inspection,95.76,79.86,1.1,85.75,1.08,26.99,No,17,5.1,0,0.07333333333333333,0.0,0.23200000000000004,0.0,0.0028000000000000112,0.2699,0.14166666666666666,8.4596,High priority / low risk
MSN-2025-008417,DRN-0355,2025-04-24,12:56:15,Custom,Stockpile Measurement,91.67,90.88,2.34,87.33,0.67,18.68,No,31,6.6,0,0.156,0.0,0.06800000000000002,0.0,0.0,0.1868,0.25833333333333336,8.461733333333333,High priority / low risk
MSN-2022-008700,DRN-0622,2022-05-23,07:30:52,Autel,Bridge Inspection,89.51,92.64,2.85,89.53,0.18,34.14,No,16,7.6,0,0.19,0.0,0.0,0.01633333333333316,0.0,0.3414,0.13333333333333333,8.473199999999999,High priority / low risk
MSN-2024-009823,DRN-0154,2024-08-15,09:58:00,Custom,Perimeter Surveillance,89.21,97.94,0.68,88.42,1.56,9.46,No,5,3.0,0,0.04533333333333334,0.0,0.42400000000000004,0.026333333333333542,0.0,0.0946,0.041666666666666664,8.475466666666671,High priority / low risk
MSN-2025-003692,DRN-0271,2025-03-19,17:50:00,Autel,Search and Rescue,95.16,93.94,1.97,99.83,0.49,8.55,No,59,2.0,0,0.13133333333333333,0.0,0.0,0.0,0.0,0.0855,0.49166666666666664,8.49,High priority / low risk
MSN-2026-014523,DRN-0211,2026-06-01,16:17:23,Autel,Construction Progress,99.6,92.32,2.74,94.87,0.79,33.54,No,2,5.5,0,0.18266666666666667,0.0,0.11600000000000002,0.0,0.0,0.3354,0.016666666666666666,8.492533333333334,High priority / low risk
MSN-2022-014531,DRN-0629,2022-12-16,23:33:50,Custom,Wind Turbine Inspection,86.97,80.39,1.87,92.25,0.55,18.56,No,31,4.7,0,0.12466666666666668,0.0,0.020000000000000018,0.10100000000000003,0.0,0.1856,0.25833333333333336,8.504800000000001,High priority / low risk
MSN-2023-009212,DRN-0371,2023-10-23,12:39:12,Autel,Thermal Inspection,92.08,93.8,1.36,88.91,1.18,14.16,No,19,6.6,0,0.09066666666666667,0.0,0.27199999999999996,0.0,0.0,0.1416,0.15833333333333333,8.5188,High priority / low risk
MSN-2023-009540,DRN-0382,2023-03-31,13:18:59,Custom,Bridge Inspection,98.1,82.84,1.97,95.18,0.23,3.74,No,64,3.9,0,0.13133333333333333,0.0,0.0,0.0,0.0,0.0374,0.5333333333333333,8.521866666666666,High priority / low risk
MSN-2021-009475,DRN-0457,2021-04-20,21:31:22,Parrot,Safety Monitoring,90.4,91.47,3.02,79.76,0.61,6.86,No,7,1.0,0,0.20133333333333334,0.13099999999999987,0.044,0.0,0.0,0.06860000000000001,0.058333333333333334,8.535466666666665,High priority / low risk
MSN-2024-004773,DRN-0357,2024-01-01,11:39:47,Custom,Precision Spraying,97.06,97.16,1.66,99.16,0.68,45.96,No,17,4.9,0,0.11066666666666666,0.0,0.07200000000000002,0.0,0.0,0.4596,0.14166666666666666,8.536133333333334,High priority / low risk
MSN-2024-008324,DRN-0524,2024-11-07,05:07:00,Custom,Field Mapping,100.0,96.16,1.39,78.44,0.54,23.81,No,17,4.7,0,0.09266666666666666,0.16400000000000006,0.016000000000000014,0.0,0.0,0.23809999999999998,0.14166666666666666,8.536133333333334,High priority / low risk
MSN-2022-008795,DRN-0763,2022-12-12,23:42:26,DJI,Stockpile Measurement,100.0,97.05,1.03,74.38,0.22,5.23,No,22,2.7,0,0.06866666666666667,0.2655000000000001,0.0,0.0,0.0,0.052300000000000006,0.18333333333333332,8.541400000000001,High priority / low risk
MSN-2024-004017,DRN-0581,2024-09-17,15:26:40,DJI,Crop Health Survey,98.58,91.1,2.33,88.72,0.39,17.18,No,45,3.3,0,0.15533333333333335,0.0,0.0,0.0,0.0,0.1718,0.375,8.541733333333335,High priority / low risk
MSN-2026-010541,DRN-0461,2026-07-30,20:01:41,Parrot,Wind Turbine Inspection,95.92,87.57,3.67,87.41,0.52,25.67,No,12,3.3,0,0.24466666666666667,0.0,0.008000000000000007,0.0,0.0,0.25670000000000004,0.1,8.548266666666668,High priority / low risk
MSN-2026-004074,DRN-0202,2026-04-11,03:51:23,Custom,Bridge Inspection,90.75,96.42,1.65,93.16,1.25,24.11,No,0,8.2,0,0.11,0.0,0.3,0.0,0.0,0.24109999999999998,0.0,8.5488,High priority / low risk
MSN-2022-010888,DRN-0362,2022-04-24,11:13:39,Parrot,Construction Progress,80.29,78.98,1.16,94.17,0.38,20.71,No,6,6.0,0,0.07733333333333332,0.0,0.0,0.32366666666666644,0.02039999999999992,0.2071,0.05,8.552666666666662,High priority / low risk
MSN-2025-010843,DRN-0328,2025-01-29,16:03:09,Parrot,Field Mapping,90.51,97.3,0.58,82.25,0.86,18.18,No,36,2.5,0,0.03866666666666666,0.06875,0.144,0.0,0.0,0.1818,0.3,8.558566666666668,High priority / low risk
MSN-2024-000223,DRN-0483,2024-09-14,03:16:44,Autel,Solar Farm Inspection,100.0,96.26,4.55,93.1,0.6,4.17,No,12,5.0,0,0.30333333333333334,0.0,0.039999999999999994,0.0,0.0,0.0417,0.1,8.566933333333335,High priority / low risk
MSN-2022-013019,DRN-0505,2022-12-14,12:48:49,DJI,Stockpile Measurement,97.93,79.96,0.62,97.56,0.56,10.28,No,78,6.5,0,0.04133333333333333,0.0,0.02400000000000002,0.0,0.000800000000000125,0.10279999999999999,0.65,8.574133333333336,High priority / low risk
MSN-2022-012646,DRN-0361,2022-12-17,05:55:56,DJI,Construction Progress,88.85,89.22,1.48,98.39,0.57,7.21,No,59,5.4,0,0.09866666666666667,0.0,0.02799999999999998,0.038333333333333525,0.0,0.0721,0.49166666666666664,8.592800000000002,High priority / low risk
MSN-2024-003425,DRN-0188,2024-04-02,21:08:49,Custom,Site Survey,83.99,93.73,1.46,87.49,0.45,34.17,No,11,0.5,0,0.09733333333333333,0.0,0.0,0.2003333333333335,0.0,0.3417,0.09166666666666666,8.59626666666667,High priority / low risk
MSN-2021-002403,DRN-0640,2021-05-14,00:46:53,Custom,Safety Monitoring,87.69,83.93,2.75,90.21,0.52,6.89,No,34,5.3,0,0.18333333333333332,0.0,0.008000000000000007,0.07700000000000008,0.0,0.0689,0.2833333333333333,8.60786666666667,High priority / low risk
MSN-2024-001778,DRN-0652,2024-08-11,10:00:33,Custom,Medical Delivery,95.37,93.46,3.7,99.04,0.21,35.62,No,4,1.8,0,0.24666666666666667,0.0,0.0,0.0,0.0,0.35619999999999996,0.03333333333333333,8.609599999999999,High priority / low risk
MSN-2024-013881,DRN-0489,2024-02-26,19:07:10,Parrot,Network Site Survey,81.89,82.08,1.37,85.82,0.49,5.27,No,29,6.1,0,0.09133333333333334,0.0,0.0,0.2703333333333333,0.0,0.0527,0.24166666666666667,8.632266666666668,High priority / low risk
MSN-2024-014433,DRN-0672,2024-01-09,05:33:50,Custom,Perimeter Surveillance,98.77,91.51,2.65,84.3,0.77,34.5,No,2,2.1,0,0.17666666666666667,0.01750000000000007,0.10800000000000001,0.0,0.0,0.345,0.016666666666666666,8.640333333333334,High priority / low risk
MSN-2022-010677,DRN-0160,2022-12-15,11:48:16,Parrot,Emergency Response,93.68,95.02,1.43,74.85,0.25,20.54,No,4,6.9,0,0.09533333333333333,0.25375000000000014,0.0,0.0,0.0,0.2054,0.03333333333333333,8.641366666666668,High priority / low risk
MSN-2022-000972,DRN-0268,2022-08-27,20:14:37,DJI,Emergency Response,94.8,83.72,0.73,81.65,0.35,20.59,No,53,1.0,0,0.048666666666666664,0.08374999999999985,0.0,0.0,0.0,0.2059,0.44166666666666665,8.64203333333333,High priority / low risk
MSN-2025-012165,DRN-0679,2025-07-23,14:59:22,Custom,Thermal Inspection,85.09,87.07,0.66,82.09,0.22,11.34,No,38,6.8,0,0.044000000000000004,0.07274999999999991,0.0,0.16366666666666654,0.0,0.1134,0.31666666666666665,8.642699999999998,High priority / low risk
MSN-2024-003130,DRN-0421,2024-09-13,00:03:44,Autel,Power Line Inspection,85.4,83.34,0.72,89.06,0.83,13.67,No,30,1.2,0,0.048,0.0,0.13199999999999998,0.15333333333333315,0.0,0.1367,0.25,8.644266666666663,High priority / low risk
MSN-2024-012734,DRN-0408,2024-11-09,02:49:45,DJI,Power Line Inspection,94.56,79.7,3.21,97.8,0.52,14.0,No,32,6.8,0,0.214,0.0,0.008000000000000007,0.0,0.005999999999999943,0.14,0.26666666666666666,8.654666666666666,High priority / low risk
MSN-2025-004443,DRN-0740,2025-11-06,13:51:59,Parrot,Thermal Inspection,100.0,98.94,0.67,99.57,1.62,9.19,No,8,0.7,0,0.04466666666666667,0.0,0.44800000000000006,0.0,0.0,0.0919,0.06666666666666667,8.656533333333334,High priority / low risk
MSN-2022-003820,DRN-0229,2022-08-02,18:01:39,DJI,Construction Progress,96.15,78.91,0.81,75.61,0.73,0.5,No,21,6.6,0,0.054000000000000006,0.23475000000000001,0.092,0.0,0.02180000000000007,0.005,0.175,8.6659,High priority / low risk
MSN-2024-014051,DRN-0608,2024-09-01,19:38:19,Custom,Safety Monitoring,93.39,88.26,1.21,75.19,0.51,19.86,No,10,8.1,0,0.08066666666666666,0.24525000000000005,0.0040000000000000036,0.0,0.0,0.1986,0.08333333333333333,8.667300000000001,High priority / low risk
MSN-2022-008339,DRN-0103,2022-07-08,01:01:30,Custom,Perimeter Surveillance,86.07,86.49,2.86,84.91,0.72,1.5,No,15,5.2,0,0.19066666666666665,0.0022500000000000853,0.088,0.13100000000000023,0.0,0.015,0.125,8.671166666666673,High priority / low risk
MSN-2021-005227,DRN-0157,2021-04-14,20:56:18,Custom,Wind Turbine Inspection,96.94,82.01,2.04,73.71,0.33,5.45,No,2,7.1,0,0.136,0.28225000000000017,0.0,0.0,0.0,0.0545,0.016666666666666666,8.67516666666667,High priority / low risk
MSN-2024-007960,DRN-0387,2024-04-16,06:05:42,Custom,Medical Delivery,98.78,92.34,2.02,79.28,0.39,37.19,No,2,3.5,0,0.13466666666666666,0.14299999999999996,0.0,0.0,0.0,0.37189999999999995,0.016666666666666666,8.678533333333332,High priority / low risk
MSN-2025-003648,DRN-0164,2025-07-17,22:07:19,Autel,Tower Inspection,96.8,94.48,1.2,99.65,1.36,22.19,No,4,1.8,0,0.08,0.0,0.34400000000000003,0.0,0.0,0.22190000000000001,0.03333333333333333,8.684533333333334,High priority / low risk
MSN-2026-001041,DRN-0161,2026-04-16,02:26:53,Custom,Emergency Response,91.51,92.56,0.58,82.78,0.18,33.4,No,50,2.9,0,0.03866666666666666,0.05549999999999997,0.0,0.0,0.0,0.33399999999999996,0.4166666666666667,8.688333333333333,High priority / low risk
MSN-2025-009204,DRN-0711,2025-02-11,17:32:26,Custom,Bridge Inspection,92.85,88.41,2.72,84.92,0.26,18.75,No,38,2.9,0,0.18133333333333335,0.0019999999999999575,0.0,0.0,0.0,0.1875,0.31666666666666665,8.692,High priority / low risk
MSN-2024-001607,DRN-0262,2024-01-11,12:22:23,Autel,Crop Health Survey,94.82,82.06,1.19,99.72,1.34,6.18,No,21,6.7,0,0.07933333333333333,0.0,0.336,0.0,0.0,0.061799999999999994,0.175,8.693733333333334,High priority / low risk
MSN-2023-001936,DRN-0146,2023-05-20,01:15:52,DJI,Emergency Response,88.88,99.63,1.57,81.48,0.5,17.1,No,35,6.6,0,0.10466666666666667,0.0879999999999999,0.0,0.03733333333333348,0.0,0.171,0.2916666666666667,8.694,High priority / low risk
MSN-2023-007961,DRN-0121,2023-02-01,15:40:55,DJI,Safety Monitoring,91.46,79.89,2.02,80.38,0.29,6.1,No,38,4.7,0,0.13466666666666666,0.11550000000000012,0.0,0.0,0.0021999999999999884,0.061,0.31666666666666665,8.713933333333337,High priority / low risk
MSN-2021-008026,DRN-0112,2021-06-30,11:56:43,Autel,Emergency Response,92.09,84.43,1.85,83.42,0.56,29.71,No,31,8.5,0,0.12333333333333334,0.03949999999999996,0.02400000000000002,0.0,0.0,0.29710000000000003,0.25833333333333336,8.720466666666667,High priority / low risk
MSN-2025-007891,DRN-0304,2025-10-16,08:59:58,Custom,Stockpile Measurement,90.7,79.34,2.33,97.59,0.96,5.7,No,26,4.6,0,0.15533333333333335,0.0,0.184,0.0,0.013199999999999932,0.057,0.21666666666666667,8.7216,High priority / low risk
MSN-2024-005626,DRN-0441,2024-04-12,03:44:09,Autel,Tower Inspection,93.15,91.15,3.08,79.3,0.78,0.93,No,0,3.2,0,0.20533333333333334,0.14250000000000007,0.11200000000000002,0.0,0.0,0.009300000000000001,0.0,8.724733333333335,High priority / low risk
MSN-2022-000200,DRN-0521,2022-06-28,03:05:28,DJI,Perimeter Surveillance,100.0,79.26,1.62,78.84,0.69,3.96,No,25,2.0,0,0.10800000000000001,0.15399999999999991,0.07599999999999998,0.0,0.014799999999999898,0.039599999999999996,0.20833333333333334,8.730533333333332,High priority / low risk
MSN-2025-001922,DRN-0355,2025-10-30,14:10:38,Parrot,Power Line Inspection,98.07,83.21,3.42,94.99,0.55,32.52,No,10,6.5,0,0.228,0.0,0.020000000000000018,0.0,0.0,0.32520000000000004,0.08333333333333333,8.730933333333335,High priority / low risk
MSN-2022-006147,DRN-0492,2022-03-24,17:56:50,Parrot,Search and Rescue,89.14,88.83,1.52,79.11,0.81,3.73,No,17,6.3,0,0.10133333333333333,0.14725000000000002,0.12400000000000003,0.02866666666666665,0.0,0.0373,0.14166666666666666,8.732233333333333,High priority / low risk
MSN-2024-011678,DRN-0642,2024-03-27,18:29:29,Parrot,Site Survey,94.94,99.34,3.15,88.94,0.21,16.05,No,34,3.8,0,0.21,0.0,0.0,0.0,0.0,0.1605,0.2833333333333333,8.737333333333334,High priority / low risk
MSN-2025-011410,DRN-0617,2025-08-02,04:31:05,DJI,Safety Monitoring,95.01,78.1,1.62,85.46,1.21,5.23,No,20,5.4,0,0.10800000000000001,0.0,0.284,0.0,0.03800000000000012,0.052300000000000006,0.16666666666666666,8.741066666666669,High priority / low risk
MSN-2021-005870,DRN-0682,2021-07-29,13:46:30,DJI,Tower Inspection,96.05,92.9,4.17,89.46,0.65,9.82,No,12,8.3,0,0.27799999999999997,0.0,0.06000000000000001,0.0,0.0,0.09820000000000001,0.1,8.7416,High priority / low risk
MSN-2023-006878,DRN-0421,2023-08-03,10:27:47,Custom,Search and Rescue,92.56,91.54,1.75,92.23,1.07,5.02,No,31,8.2,0,0.11666666666666667,0.0,0.22800000000000004,0.0,0.0,0.050199999999999995,0.25833333333333336,8.7436,High priority / low risk
MSN-2023-003054,DRN-0762,2023-06-27,13:29:12,Custom,Site Survey,86.9,88.67,3.24,89.51,0.6,4.04,No,20,4.6,0,0.21600000000000003,0.0,0.039999999999999994,0.10333333333333314,0.0,0.0404,0.16666666666666666,8.748533333333333,High priority / low risk
MSN-2024-002097,DRN-0664,2024-11-18,16:14:10,Custom,Road Survey,97.66,97.73,2.32,85.69,0.72,15.02,No,35,7.1,0,0.15466666666666665,0.0,0.088,0.0,0.0,0.1502,0.2916666666666667,8.752933333333333,High priority / low risk
MSN-2024-010263,DRN-0170,2024-05-15,09:53:00,Custom,Wind Turbine Inspection,91.7,95.88,2.14,92.75,1.32,12.8,No,0,3.5,0,0.14266666666666666,0.0,0.328,0.0,0.0,0.128,0.0,8.754666666666667,High priority / low risk
MSN-2025-006611,DRN-0259,2025-05-19,18:44:43,Custom,Bridge Inspection,90.66,86.37,1.52,91.18,1.34,2.98,No,19,5.3,0,0.10133333333333333,0.0,0.336,0.0,0.0,0.0298,0.15833333333333333,8.755066666666666,High priority / low risk
MSN-2021-006104,DRN-0401,2021-01-11,09:41:37,Autel,Wind Turbine Inspection,94.1,92.47,2.42,86.18,0.44,16.14,No,47,3.8,0,0.16133333333333333,0.0,0.0,0.0,0.0,0.16140000000000002,0.39166666666666666,8.757200000000001,High priority / low risk
MSN-2024-013836,DRN-0752,2024-08-19,03:20:32,DJI,Network Site Survey,100.0,91.69,1.6,84.18,0.61,32.51,No,34,3.8,0,0.10666666666666667,0.02049999999999983,0.044,0.0,0.0,0.3251,0.2833333333333333,8.765799999999997,High priority / low risk
MSN-2026-006408,DRN-0264,2026-07-24,22:13:23,Custom,Stockpile Measurement,78.23,79.35,1.79,93.85,0.36,4.73,No,2,6.7,0,0.11933333333333333,0.0,0.0,0.3923333333333332,0.013000000000000114,0.0473,0.016666666666666666,8.767066666666667,High priority / low risk
MSN-2024-003712,DRN-0417,2024-08-27,02:49:30,Autel,Thermal Inspection,94.75,87.88,0.89,76.21,0.32,23.22,No,20,1.3,0,0.059333333333333335,0.21975000000000017,0.0,0.0,0.0,0.2322,0.16666666666666666,8.785100000000003,High priority / low risk
MSN-2025-003014,DRN-0288,2025-06-28,15:30:19,Custom,Tower Inspection,86.39,78.61,2.48,95.88,0.76,3.59,No,18,0.9,0,0.16533333333333333,0.0,0.10400000000000001,0.12033333333333332,0.027800000000000012,0.0359,0.15,8.787600000000001,High priority / low risk
MSN-2026-011150,DRN-0249,2026-02-11,12:17:22,DJI,Stockpile Measurement,98.69,86.58,2.54,76.89,0.16,17.66,No,0,3.6,0,0.16933333333333334,0.20274999999999999,0.0,0.0,0.0,0.1766,0.0,8.787633333333334,High priority / low risk
MSN-2024-004722,DRN-0184,2024-05-07,19:20:32,Custom,Power Line Inspection,94.47,82.0,2.06,86.83,0.16,29.42,No,41,7.1,0,0.13733333333333334,0.0,0.0,0.0,0.0,0.2942,0.3416666666666667,8.7916,High priority / low risk
MSN-2022-011385,DRN-0209,2022-02-25,18:31:04,DJI,Thermal Inspection,84.85,78.08,3.04,98.33,0.45,15.09,No,5,7.4,0,0.20266666666666666,0.0,0.0,0.17166666666666686,0.03840000000000003,0.1509,0.041666666666666664,8.79306666666667,High priority / low risk
MSN-2025-008204,DRN-0657,2025-08-29,10:11:23,DJI,Bridge Inspection,93.89,90.86,2.96,81.01,0.65,0.83,No,21,6.5,0,0.19733333333333333,0.09974999999999987,0.06000000000000001,0.0,0.0,0.0083,0.175,8.793233333333331,High priority / low risk
MSN-2021-004264,DRN-0659,2021-03-28,16:44:43,Custom,Warehouse Transfer,87.94,86.14,2.07,86.43,0.69,34.19,No,12,5.4,0,0.13799999999999998,0.0,0.07599999999999998,0.06866666666666674,0.0,0.3419,0.1,8.796533333333334,High priority / low risk
MSN-2025-013782,DRN-0678,2025-04-24,10:46:39,Custom,Emergency Response,90.39,88.33,2.96,92.29,0.55,0.22,No,50,4.9,0,0.19733333333333333,0.0,0.020000000000000018,0.0,0.0,0.0022,0.4166666666666667,8.8056,High priority / low risk
MSN-2026-012067,DRN-0120,2026-06-05,14:05:27,Custom,Safety Monitoring,86.63,90.14,3.51,85.7,0.31,14.62,No,11,1.8,0,0.23399999999999999,0.0,0.0,0.11233333333333348,0.0,0.1462,0.09166666666666666,8.806933333333337,High priority / low risk
MSN-2021-012215,DRN-0515,2021-04-19,13:16:50,DJI,Warehouse Transfer,92.5,84.01,1.49,86.33,0.55,57.42,No,21,3.4,0,0.09933333333333333,0.0,0.020000000000000018,0.0,0.0,0.5742,0.175,8.808933333333334,High priority / low risk
MSN-2022-005378,DRN-0330,2022-04-14,14:44:12,Autel,Perimeter Surveillance,91.44,81.63,2.34,94.65,0.75,24.72,No,24,6.7,0,0.156,0.0,0.1,0.0,0.0,0.24719999999999998,0.2,8.809600000000001,High priority / low risk
MSN-2023-000548,DRN-0622,2023-01-26,00:32:50,DJI,Medical Delivery,95.71,98.88,2.1,93.06,0.63,8.44,No,52,6.7,0,0.14,0.0,0.052000000000000005,0.0,0.0,0.08439999999999999,0.43333333333333335,8.816533333333334,High priority / low risk
MSN-2022-012061,DRN-0388,2022-04-24,18:13:05,Custom,Thermal Inspection,98.47,88.85,2.69,91.26,0.61,20.95,No,31,6.4,0,0.17933333333333332,0.0,0.044,0.0,0.0,0.2095,0.25833333333333336,8.820666666666668,High priority / low risk
MSN-2026-007616,DRN-0216,2026-04-07,20:56:41,Custom,Thermal Inspection,95.25,82.73,2.6,90.22,0.68,11.49,No,37,2.5,0,0.17333333333333334,0.0,0.07200000000000002,0.0,0.0,0.1149,0.30833333333333335,8.823866666666667,High priority / low risk
MSN-2023-008156,DRN-0494,2023-03-12,02:00:31,Autel,Search and Rescue,92.56,80.08,2.96,84.91,0.22,15.04,No,39,1.4,0,0.19733333333333333,0.0022500000000000853,0.0,0.0,0.0,0.15039999999999998,0.325,8.835033333333335,High priority / low risk
MSN-2025-013397,DRN-0759,2025-09-06,01:06:41,DJI,Network Site Survey,88.53,93.04,1.19,86.45,1.34,0.48,No,20,7.6,0,0.07933333333333333,0.0,0.336,0.04899999999999996,0.0,0.0048,0.16666666666666666,8.840399999999999,High priority / low risk
MSN-2022-008994,DRN-0106,2022-11-09,22:08:26,Autel,Field Mapping,97.08,89.64,1.95,86.44,0.96,17.56,No,24,1.7,0,0.13,0.0,0.184,0.0,0.0,0.17559999999999998,0.2,8.8408,High priority / low risk
MSN-2021-011265,DRN-0114,2021-12-18,19:18:16,DJI,Warehouse Transfer,91.62,95.52,2.4,94.69,0.72,41.75,No,9,2.1,0,0.16,0.0,0.088,0.0,0.0,0.4175,0.075,8.842,High priority / low risk
MSN-2024-004770,DRN-0275,2024-08-07,17:31:02,DJI,Emergency Response,98.31,90.8,1.16,86.1,0.74,16.3,No,54,5.0,0,0.07733333333333332,0.0,0.096,0.0,0.0,0.163,0.45,8.849333333333334,High priority / low risk
MSN-2023-012011,DRN-0557,2023-01-23,23:37:46,Custom,Warehouse Transfer,99.62,90.33,2.0,87.43,0.89,33.11,No,13,3.9,0,0.13333333333333333,0.0,0.156,0.0,0.0,0.3311,0.10833333333333334,8.849466666666666,High priority / low risk
MSN-2023-003530,DRN-0183,2023-02-15,02:34:51,DJI,Network Site Survey,93.27,83.89,4.05,95.12,0.22,27.05,No,9,1.8,0,0.26999999999999996,0.0,0.0,0.0,0.0,0.2705,0.075,8.854000000000001,High priority / low risk
MSN-2024-005295,DRN-0542,2024-01-08,03:21:44,Custom,Power Line Inspection,92.36,78.65,1.31,81.93,0.44,2.12,No,62,1.2,0,0.08733333333333333,0.07674999999999983,0.0,0.0,0.026999999999999885,0.0212,0.5166666666666667,8.855099999999997,High priority / low risk
MSN-2024-010684,DRN-0452,2024-04-20,18:03:09,DJI,Road Survey,91.26,81.92,2.2,84.54,0.36,29.33,No,37,1.4,0,0.14666666666666667,0.011499999999999844,0.0,0.0,0.0,0.2933,0.30833333333333335,8.863399999999997,High priority / low risk
MSN-2021-007604,DRN-0736,2021-08-31,14:05:57,DJI,Crop Health Survey,90.86,96.4,1.76,84.7,0.83,25.65,No,27,6.0,0,0.11733333333333333,0.007499999999999929,0.13199999999999998,0.0,0.0,0.2565,0.225,8.866333333333333,High priority / low risk
MSN-2022-008600,DRN-0196,2022-08-29,06:38:56,Autel,Perimeter Surveillance,99.92,94.6,3.89,78.58,0.43,0.32,No,3,8.2,0,0.25933333333333336,0.16050000000000003,0.0,0.0,0.0,0.0032,0.025,8.869933333333336,High priority / low risk
MSN-2021-008584,DRN-0574,2021-09-07,03:54:47,Custom,Field Mapping,98.24,91.65,4.88,84.73,0.34,18.87,No,1,8.1,0,0.3253333333333333,0.0067499999999999,0.0,0.0,0.0,0.1887,0.008333333333333333,8.871766666666664,High priority / low risk
MSN-2023-000312,DRN-0490,2023-07-30,22:41:58,Custom,Medical Delivery,96.31,99.49,3.56,91.62,0.2,19.65,No,25,3.6,0,0.23733333333333334,0.0,0.0,0.0,0.0,0.19649999999999998,0.20833333333333334,8.876666666666665,High priority / low risk
MSN-2023-010959,DRN-0353,2023-12-18,08:24:11,Parrot,Network Site Survey,95.84,98.37,3.19,82.68,0.53,22.79,No,14,8.0,0,0.21266666666666667,0.05799999999999983,0.01200000000000001,0.0,0.0,0.2279,0.11666666666666667,8.88053333333333,High priority / low risk
MSN-2025-002841,DRN-0219,2025-06-12,17:01:14,DJI,Stockpile Measurement,94.76,80.01,2.17,91.08,0.58,15.64,No,48,6.4,0,0.14466666666666667,0.0,0.03199999999999999,0.0,0.0,0.1564,0.4,8.881866666666669,High priority / low risk
MSN-2026-006498,DRN-0673,2026-05-12,12:55:00,Parrot,Safety Monitoring,87.85,88.05,3.24,95.43,0.74,13.99,No,8,3.8,0,0.21600000000000003,0.0,0.096,0.07166666666666685,0.0,0.1399,0.06666666666666667,8.885200000000003,High priority / low risk
MSN-2024-003078,DRN-0320,2024-07-05,18:59:22,Custom,Solar Farm Inspection,85.74,79.02,2.01,83.79,0.72,16.89,No,8,3.5,0,0.13399999999999998,0.030249999999999843,0.088,0.14200000000000018,0.01960000000000008,0.1689,0.06666666666666667,8.887166666666666,High priority / low risk
MSN-2024-009560,DRN-0532,2024-02-09,00:34:07,Custom,Search and Rescue,84.84,78.91,2.79,89.43,0.65,5.72,No,11,7.3,0,0.186,0.0,0.06000000000000001,0.17199999999999988,0.02180000000000007,0.0572,0.09166666666666666,8.888666666666667,High priority / low risk
MSN-2021-012753,DRN-0235,2021-02-13,22:40:56,Autel,Emergency Response,96.16,78.98,1.74,86.1,1.1,30.1,No,5,7.9,0,0.116,0.0,0.24000000000000005,0.0,0.02039999999999992,0.301,0.041666666666666664,8.899866666666668,High priority / low risk
MSN-2021-013940,DRN-0210,2021-07-09,15:02:27,DJI,Stockpile Measurement,90.75,89.81,3.21,81.01,0.48,17.5,No,12,5.0,0,0.214,0.09974999999999987,0.0,0.0,0.0,0.175,0.1,8.903499999999998,High priority / low risk
MSN-2026-010680,DRN-0318,2026-02-21,10:36:03,Custom,Thermal Inspection,91.93,87.1,1.44,92.05,1.14,31.79,No,8,0.7,0,0.096,0.0,0.25599999999999995,0.0,0.0,0.3179,0.06666666666666667,8.905866666666666,High priority / low risk
MSN-2023-002901,DRN-0635,2023-11-19,05:25:51,Custom,Perimeter Surveillance,84.55,85.49,1.89,94.91,0.83,20.85,No,1,1.8,0,0.126,0.0,0.13199999999999998,0.18166666666666675,0.0,0.20850000000000002,0.008333333333333333,8.914666666666669,High priority / low risk
MSN-2025-003865,DRN-0699,2025-03-31,18:20:45,Custom,Search and Rescue,96.79,94.93,3.01,89.45,0.52,32.01,No,22,2.4,0,0.20066666666666666,0.0,0.008000000000000007,0.0,0.0,0.3201,0.18333333333333332,8.920800000000002,High priority / low risk
MSN-2026-007924,DRN-0252,2026-05-28,13:32:17,Custom,Field Mapping,93.22,88.4,1.89,81.07,0.19,16.62,No,37,1.7,0,0.126,0.09825000000000017,0.0,0.0,0.0,0.16620000000000001,0.30833333333333335,8.953433333333336,High priority / low risk
MSN-2023-008077,DRN-0682,2023-10-01,02:01:32,Custom,Network Site Survey,99.1,95.87,3.25,81.85,0.91,4.95,No,1,7.0,0,0.21666666666666667,0.07875000000000014,0.164,0.0,0.0,0.0495,0.008333333333333333,8.959500000000006,High priority / low risk
MSN-2025-008724,DRN-0737,2025-12-14,07:41:24,Custom,Stockpile Measurement,82.13,99.99,2.26,99.18,0.32,20.49,No,4,0.6,0,0.15066666666666664,0.0,0.0,0.2623333333333335,0.0,0.20489999999999997,0.03333333333333333,8.959866666666668,High priority / low risk
MSN-2025-012211,DRN-0502,2025-07-06,00:28:25,Parrot,Thermal Inspection,90.6,93.78,2.81,93.7,0.55,34.07,No,22,4.7,0,0.18733333333333332,0.0,0.020000000000000018,0.0,0.0,0.3407,0.18333333333333332,8.960266666666666,High priority / low risk
MSN-2025-000603,DRN-0566,2025-11-08,01:27:39,Parrot,Site Survey,99.38,97.75,1.34,75.15,0.77,0.66,No,12,4.2,0,0.08933333333333333,0.24624999999999986,0.10800000000000001,0.0,0.0,0.0066,0.1,8.962633333333331,High priority / low risk
MSN-2023-005246,DRN-0188,2023-08-23,06:30:04,Custom,Solar Farm Inspection,87.7,97.5,1.1,86.02,1.4,9.23,No,6,5.6,0,0.07333333333333333,0.0,0.36,0.07666666666666658,0.0,0.09230000000000001,0.05,8.965066666666665,High priority / low risk
MSN-2021-013825,DRN-0727,2021-11-16,18:37:15,Autel,Network Site Survey,92.49,87.66,2.2,82.88,1.09,18.51,No,0,6.9,0,0.14666666666666667,0.053000000000000116,0.23600000000000004,0.0,0.0,0.18510000000000001,0.0,8.96546666666667,High priority / low risk
MSN-2024-006363,DRN-0694,2024-02-07,19:03:49,DJI,Perimeter Surveillance,85.65,94.6,1.82,87.65,0.18,33.58,No,19,0.6,0,0.12133333333333333,0.0,0.0,0.14499999999999982,0.0,0.3358,0.15833333333333333,8.969066666666665,High priority / low risk
MSN-2025-001913,DRN-0594,2025-10-20,10:36:41,Custom,Emergency Response,95.42,88.84,3.1,91.81,0.16,23.03,No,31,8.2,0,0.20666666666666667,0.0,0.0,0.0,0.0,0.2303,0.25833333333333336,8.9724,High priority / low risk
MSN-2022-014745,DRN-0212,2022-12-13,02:00:15,Autel,Perimeter Surveillance,100.0,81.11,2.17,95.01,0.19,23.44,No,47,1.0,0,0.14466666666666667,0.0,0.0,0.0,0.0,0.23440000000000003,0.39166666666666666,8.974533333333333,High priority / low risk
MSN-2023-008192,DRN-0347,2023-04-13,21:06:29,Custom,Construction Progress,94.61,98.22,1.73,90.48,1.29,8.55,No,16,8.3,0,0.11533333333333333,0.0,0.316,0.0,0.0,0.0855,0.13333333333333333,8.978666666666667,High priority / low risk
MSN-2024-013396,DRN-0162,2024-03-11,05:29:18,Custom,Emergency Response,88.26,84.38,0.63,81.25,0.62,13.13,No,46,7.0,0,0.042,0.09375,0.048,0.05799999999999983,0.0,0.1313,0.38333333333333336,8.979233333333331,High priority / low risk
MSN-2022-007226,DRN-0231,2022-04-16,05:20:47,Custom,Crop Health Survey,79.96,98.83,1.07,87.38,0.25,5.94,No,27,6.5,0,0.07133333333333333,0.0,0.0,0.3346666666666669,0.0,0.0594,0.225,8.979866666666672,High priority / low risk
MSN-2023-005185,DRN-0421,2023-08-29,08:33:01,Custom,Parcel Delivery,91.64,81.28,1.07,97.5,1.11,2.02,No,46,7.9,0,0.07133333333333333,0.0,0.24400000000000005,0.0,0.0,0.0202,0.38333333333333336,8.980266666666669,High priority / low risk
MSN-2024-008086,DRN-0509,2024-09-28,16:25:18,DJI,Bridge Inspection,98.5,95.38,4.42,94.01,0.77,12.47,No,0,5.0,0,0.2946666666666667,0.0,0.10800000000000001,0.0,0.0,0.1247,0.0,8.992266666666668,High priority / low risk
MSN-2025-009077,DRN-0525,2025-12-23,23:15:22,Custom,Road Survey,98.09,86.04,4.47,81.09,0.46,0.15,No,8,2.6,0,0.298,0.09774999999999992,0.0,0.0,0.0,0.0015,0.06666666666666667,8.994166666666665,High priority / low risk
MSN-2022-006718,DRN-0671,2022-06-08,21:15:14,Custom,Power Line Inspection,96.17,81.42,0.51,90.26,1.52,11.89,No,19,6.9,0,0.034,0.0,0.40800000000000003,0.0,0.0,0.1189,0.15833333333333333,8.994533333333337,High priority / low risk
MSN-2023-006487,DRN-0194,2023-12-26,09:28:03,DJI,Network Site Survey,90.09,97.64,2.14,90.85,1.04,22.96,No,12,5.9,0,0.14266666666666666,0.0,0.21600000000000003,0.0,0.0,0.2296,0.1,8.999466666666667,High priority / low risk
MSN-2025-006168,DRN-0644,2025-12-22,12:03:54,DJI,Tower Inspection,97.36,83.67,1.94,86.22,1.44,9.16,No,2,3.6,0,0.12933333333333333,0.0,0.376,0.0,0.0,0.0916,0.016666666666666666,9.0088,High priority / low risk
MSN-2026-006271,DRN-0770,2026-07-26,08:50:29,DJI,Tower Inspection,92.46,95.69,1.15,95.46,1.28,33.81,No,3,7.4,0,0.07666666666666666,0.0,0.312,0.0,0.0,0.3381,0.025,9.009466666666667,High priority / low risk
MSN-2026-001046,DRN-0377,2026-06-03,10:32:23,DJI,Bridge Inspection,90.96,78.5,2.02,77.59,0.67,15.92,No,3,7.4,0,0.13466666666666666,0.18524999999999991,0.06800000000000002,0.0,0.03,0.1592,0.025,9.012766666666664,High priority / low risk
MSN-2023-012347,DRN-0337,2023-07-29,03:52:58,Custom,Bridge Inspection,92.94,96.63,3.87,84.4,0.22,22.71,No,15,3.8,0,0.258,0.014999999999999857,0.0,0.0,0.0,0.2271,0.125,9.012799999999997,High priority / low risk
MSN-2025-010589,DRN-0548,2025-07-12,01:25:53,DJI,Wind Turbine Inspection,98.51,96.32,3.72,97.01,0.34,16.34,No,27,0.6,0,0.24800000000000003,0.0,0.0,0.0,0.0,0.1634,0.225,9.013200000000001,High priority / low risk
MSN-2025-006107,DRN-0613,2025-08-31,07:49:04,Parrot,Network Site Survey,99.44,96.13,2.98,82.52,0.37,32.79,No,11,7.1,0,0.19866666666666666,0.0620000000000001,0.0,0.0,0.0,0.32789999999999997,0.09166666666666666,9.026533333333335,High priority / low risk
MSN-2025-013287,DRN-0431,2025-02-24,10:33:41,DJI,Construction Progress,88.99,98.56,2.94,97.71,0.26,19.73,No,32,4.5,0,0.196,0.0,0.0,0.03366666666666684,0.0,0.1973,0.26666666666666666,9.028400000000003,High priority / low risk
MSN-2023-010529,DRN-0683,2023-01-12,17:19:24,Custom,Solar Farm Inspection,92.2,99.5,2.42,97.26,0.57,24.04,No,38,7.4,0,0.16133333333333333,0.0,0.02799999999999998,0.0,0.0,0.2404,0.31666666666666665,9.0312,High priority / low risk
MSN-2025-008545,DRN-0592,2025-01-30,05:13:19,DJI,Solar Farm Inspection,91.72,86.96,0.97,79.45,0.89,29.69,No,7,6.9,0,0.06466666666666666,0.13874999999999993,0.156,0.0,0.0,0.2969,0.058333333333333334,9.062699999999998,High priority / low risk
MSN-2023-001463,DRN-0264,2023-05-21,22:56:08,Parrot,Safety Monitoring,92.36,84.4,3.04,80.26,0.55,14.9,No,12,5.0,0,0.20266666666666666,0.11849999999999987,0.020000000000000018,0.0,0.0,0.149,0.1,9.063666666666665,High priority / low risk
MSN-2026-014647,DRN-0362,2026-07-12,06:45:01,Autel,Construction Progress,84.06,85.84,2.95,93.8,0.43,8.97,No,15,1.0,0,0.19666666666666668,0.0,0.0,0.19799999999999993,0.0,0.0897,0.125,9.066266666666666,High priority / low risk
MSN-2024-013159,DRN-0118,2024-05-22,13:35:23,Custom,Emergency Response,99.36,78.13,2.35,95.96,0.2,27.98,No,37,4.0,0,0.15666666666666668,0.0,0.0,0.0,0.03740000000000009,0.2798,0.30833333333333335,9.0676,High priority / low risk
MSN-2021-001782,DRN-0197,2021-05-08,14:49:17,DJI,Network Site Survey,91.44,80.81,2.44,82.04,0.48,13.46,No,37,3.4,0,0.16266666666666665,0.07399999999999984,0.0,0.0,0.0,0.1346,0.30833333333333335,9.070799999999997,High priority / low risk
MSN-2023-014620,DRN-0508,2023-10-26,06:18:28,DJI,Road Survey,96.94,82.31,3.69,99.39,0.59,13.41,No,25,4.4,0,0.246,0.0,0.03599999999999999,0.0,0.0,0.1341,0.20833333333333334,9.072133333333335,High priority / low risk
MSN-2022-014624,DRN-0508,2022-04-12,00:27:42,Autel,Solar Farm Inspection,94.13,78.23,1.71,90.26,1.01,7.45,No,34,5.3,0,0.114,0.0,0.20400000000000001,0.0,0.03539999999999992,0.0745,0.2833333333333333,9.076533333333334,High priority / low risk
MSN-2026-009241,DRN-0141,2026-05-15,10:12:09,Custom,Thermal Inspection,86.07,84.27,0.55,82.57,0.86,4.08,No,36,4.3,0,0.03666666666666667,0.06075000000000017,0.144,0.13100000000000023,0.0,0.0408,0.3,9.076566666666674,High priority / low risk
MSN-2021-011188,DRN-0284,2021-06-26,12:49:36,DJI,Precision Spraying,93.43,91.24,1.08,82.75,0.69,61.46,No,6,6.3,0,0.07200000000000001,0.05625,0.07599999999999998,0.0,0.0,0.6146,0.05,9.077300000000001,High priority / low risk
MSN-2026-013755,DRN-0315,2026-02-06,00:41:45,Parrot,Wind Turbine Inspection,86.94,82.22,1.22,82.09,0.15,14.21,No,41,7.3,0,0.08133333333333333,0.07274999999999991,0.0,0.10200000000000008,0.0,0.1421,0.3416666666666667,9.0803,High priority / low risk
MSN-2021-011676,DRN-0527,2021-08-08,07:16:28,Autel,Thermal Inspection,92.14,84.75,2.75,86.03,0.96,2.79,No,27,5.3,0,0.18333333333333332,0.0,0.184,0.0,0.0,0.0279,0.225,9.082533333333334,High priority / low risk
MSN-2023-011527,DRN-0679,2023-10-15,15:53:21,Autel,Emergency Response,86.18,96.48,0.58,95.4,0.28,26.49,No,52,7.5,0,0.03866666666666666,0.0,0.0,0.1273333333333331,0.0,0.26489999999999997,0.43333333333333335,9.085866666666664,High priority / low risk
MSN-2025-013446,DRN-0204,2025-01-14,23:00:30,Custom,Emergency Response,89.16,96.28,1.78,77.93,0.32,17.58,No,18,5.6,0,0.11866666666666667,0.17674999999999982,0.0,0.028000000000000115,0.0,0.17579999999999998,0.15,9.090566666666664,High priority / low risk
MSN-2022-002333,DRN-0258,2022-03-28,10:51:40,DJI,Site Survey,92.03,89.57,3.99,90.63,0.83,15.34,No,2,4.1,0,0.266,0.0,0.13199999999999998,0.0,0.0,0.1534,0.016666666666666666,9.093866666666667,High priority / low risk
MSN-2023-007329,DRN-0588,2023-09-19,09:47:56,Custom,Road Survey,95.86,89.32,4.23,85.05,0.61,17.03,No,11,6.2,0,0.28200000000000003,0.0,0.044,0.0,0.0,0.1703,0.09166666666666666,9.099066666666667,High priority / low risk
MSN-2025-012759,DRN-0490,2025-12-20,15:41:43,Autel,Emergency Response,99.97,90.45,4.38,88.14,0.5,14.69,No,18,4.4,0,0.292,0.0,0.0,0.0,0.0,0.1469,0.15,9.0992,High priority / low risk
MSN-2021-013144,DRN-0293,2021-03-22,18:00:47,Custom,Stockpile Measurement,87.79,84.21,2.59,84.09,0.33,27.44,No,20,8.1,0,0.17266666666666666,0.022749999999999916,0.0,0.07366666666666646,0.0,0.27440000000000003,0.16666666666666666,9.101366666666664,High priority / low risk
MSN-2022-014555,DRN-0400,2022-07-05,21:04:12,Custom,Precision Spraying,97.3,82.98,2.36,82.42,0.64,32.72,No,13,0.7,0,0.15733333333333333,0.06449999999999996,0.05600000000000001,0.0,0.0,0.3272,0.10833333333333334,9.107266666666666,High priority / low risk
MSN-2025-007583,DRN-0383,2025-08-14,06:43:09,DJI,Site Survey,97.73,94.5,3.29,92.57,0.45,23.46,No,29,8.3,0,0.21933333333333332,0.0,0.0,0.0,0.0,0.2346,0.24166666666666667,9.118799999999998,High priority / low risk
MSN-2025-014280,DRN-0537,2025-01-12,23:48:08,DJI,Construction Progress,94.48,92.92,1.13,90.35,0.69,31.09,No,47,7.2,0,0.07533333333333332,0.0,0.07599999999999998,0.0,0.0,0.3109,0.39166666666666666,9.1252,High priority / low risk
MSN-2022-002833,DRN-0152,2022-03-17,00:36:44,Autel,Field Mapping,86.57,80.98,2.05,96.22,0.92,11.45,No,15,6.8,0,0.13666666666666666,0.0,0.168,0.11433333333333356,0.0,0.11449999999999999,0.125,9.125333333333337,High priority / low risk
MSN-2024-009581,DRN-0347,2024-09-21,20:16:21,Autel,Stockpile Measurement,100.0,90.38,1.24,87.83,0.72,2.06,No,71,1.8,0,0.08266666666666667,0.0,0.088,0.0,0.0,0.0206,0.5916666666666667,9.132133333333334,High priority / low risk
MSN-2021-005733,DRN-0256,2021-05-16,07:46:33,Custom,Bridge Inspection,99.91,83.01,0.68,98.68,0.44,20.48,No,78,6.5,0,0.04533333333333334,0.0,0.0,0.0,0.0,0.2048,0.65,9.135733333333334,High priority / low risk
MSN-2025-005340,DRN-0496,2025-05-25,21:28:31,Custom,Thermal Inspection,93.58,84.25,1.91,82.91,0.83,16.2,No,27,7.0,0,0.12733333333333333,0.05225000000000009,0.13199999999999998,0.0,0.0,0.162,0.225,9.135833333333334,High priority / low risk
MSN-2022-009252,DRN-0457,2022-06-21,06:42:57,Custom,Solar Farm Inspection,93.01,99.25,3.26,90.75,0.76,30.05,No,6,8.1,0,0.21733333333333332,0.0,0.10400000000000001,0.0,0.0,0.3005,0.05,9.141333333333336,High priority / low risk
MSN-2022-008594,DRN-0552,2022-11-13,03:45:18,Parrot,Safety Monitoring,88.36,86.97,1.69,75.82,0.64,3.95,No,8,2.7,0,0.11266666666666666,0.22950000000000018,0.05600000000000001,0.05466666666666668,0.0,0.0395,0.06666666666666667,9.14166666666667,High priority / low risk
MSN-2022-014116,DRN-0670,2022-05-03,16:21:50,DJI,Wind Turbine Inspection,97.68,98.8,2.93,88.13,1.09,3.7,No,15,5.4,0,0.19533333333333333,0.0,0.23600000000000004,0.0,0.0,0.037000000000000005,0.125,9.147333333333336,High priority / low risk
MSN-2023-008368,DRN-0558,2023-08-19,06:37:51,Custom,Power Line Inspection,91.52,98.55,3.9,93.25,0.51,33.87,No,8,8.4,0,0.26,0.0,0.0040000000000000036,0.0,0.0,0.3387,0.06666666666666667,9.152266666666668,High priority / low risk
MSN-2022-004942,DRN-0167,2022-03-14,05:30:47,Custom,Road Survey,85.25,84.5,1.72,87.55,0.93,7.36,No,17,4.5,0,0.11466666666666667,0.0,0.17200000000000001,0.15833333333333333,0.0,0.0736,0.14166666666666666,9.1528,High priority / low risk
MSN-2025-007893,DRN-0774,2025-12-16,22:03:20,Parrot,Crop Health Survey,92.76,92.98,3.59,92.49,0.71,17.26,No,16,8.5,0,0.23933333333333331,0.0,0.08399999999999999,0.0,0.0,0.1726,0.13333333333333333,9.155466666666666,High priority / low risk
MSN-2025-008930,DRN-0714,2025-02-01,06:22:37,Custom,Safety Monitoring,98.73,80.11,1.58,93.35,0.64,23.6,No,50,4.1,0,0.10533333333333333,0.0,0.05600000000000001,0.0,0.0,0.23600000000000002,0.4166666666666667,9.156,High priority / low risk
MSN-2023-006677,DRN-0527,2023-02-17,20:48:50,Custom,Site Survey,85.11,98.75,0.67,79.32,0.87,13.72,No,2,5.2,0,0.04466666666666667,0.14200000000000018,0.148,0.163,0.0,0.13720000000000002,0.016666666666666666,9.156933333333336,High priority / low risk
MSN-2022-012736,DRN-0144,2022-10-27,22:37:50,Autel,Parcel Delivery,90.7,95.57,1.49,87.61,0.24,72.7,No,14,3.2,0,0.09933333333333333,0.0,0.0,0.0,0.0,0.727,0.11666666666666667,9.168,High priority / low risk
MSN-2022-013723,DRN-0385,2022-10-30,15:32:02,DJI,Field Mapping,97.1,85.84,2.21,79.1,0.47,22.15,No,18,0.7,0,0.14733333333333334,0.14750000000000013,0.0,0.0,0.0,0.22149999999999997,0.15,9.168333333333335,High priority / low risk
MSN-2026-009613,DRN-0492,2026-07-24,21:44:09,Custom,Construction Progress,90.08,84.51,2.23,76.22,0.38,16.04,No,8,3.3,0,0.14866666666666667,0.21950000000000003,0.0,0.0,0.0,0.1604,0.06666666666666667,9.171533333333334,High priority / low risk
MSN-2023-003518,DRN-0488,2023-01-26,07:44:00,Custom,Road Survey,100.0,94.22,3.09,82.86,0.82,1.71,No,21,4.5,0,0.206,0.05350000000000001,0.12799999999999997,0.0,0.0,0.0171,0.175,9.173799999999998,High priority / low risk
MSN-2022-011065,DRN-0322,2022-08-16,12:28:09,DJI,Power Line Inspection,91.99,95.67,4.19,97.17,0.59,4.48,No,26,5.9,0,0.2793333333333334,0.0,0.03599999999999999,0.0,0.0,0.044800000000000006,0.21666666666666667,9.174400000000002,High priority / low risk
MSN-2024-010191,DRN-0483,2024-08-04,00:45:05,Autel,Tower Inspection,86.93,78.07,0.74,77.51,0.9,6.36,No,3,1.5,0,0.04933333333333333,0.18724999999999986,0.16,0.10233333333333311,0.038600000000000134,0.0636,0.025,9.196099999999996,High priority / low risk
MSN-2023-001868,DRN-0535,2023-07-08,13:19:17,Custom,Site Survey,86.02,97.53,1.89,84.32,0.25,21.06,No,31,6.8,0,0.126,0.01700000000000017,0.0,0.1326666666666668,0.0,0.21059999999999998,0.25833333333333336,9.203466666666673,High priority / low risk
MSN-2024-010749,DRN-0528,2024-03-31,00:32:45,Autel,Thermal Inspection,94.09,81.07,1.23,85.07,0.93,19.78,No,41,0.7,0,0.082,0.0,0.17200000000000001,0.0,0.0,0.1978,0.3416666666666667,9.211066666666667,High priority / low risk
MSN-2023-005641,DRN-0631,2023-12-17,03:34:40,Custom,Field Mapping,87.11,78.54,1.03,78.01,0.25,10.09,No,26,4.3,0,0.06866666666666667,0.17474999999999988,0.0,0.09633333333333335,0.029199999999999875,0.1009,0.21666666666666667,9.212299999999997,High priority / low risk
MSN-2021-006799,DRN-0507,2021-08-03,00:40:39,Autel,Site Survey,88.25,98.18,3.92,99.47,0.23,2.88,No,29,7.5,0,0.2613333333333333,0.0,0.0,0.058333333333333334,0.0,0.0288,0.24166666666666667,9.213066666666666,High priority / low risk
MSN-2021-001374,DRN-0325,2021-03-28,22:07:11,Autel,Emergency Response,92.39,84.39,2.13,79.29,0.56,3.4,No,35,4.9,0,0.142,0.14274999999999985,0.02400000000000002,0.0,0.0,0.034,0.2916666666666667,9.218166666666665,High priority / low risk
MSN-2023-003932,DRN-0566,2023-12-03,09:03:04,Autel,Thermal Inspection,96.87,79.3,3.83,85.86,0.43,8.2,No,34,1.7,0,0.25533333333333336,0.0,0.0,0.0,0.014000000000000058,0.08199999999999999,0.2833333333333333,9.218666666666667,High priority / low risk
MSN-2021-008894,DRN-0107,2021-02-16,08:54:42,Custom,Medical Delivery,98.45,93.62,4.85,87.0,0.38,23.39,No,3,0.8,0,0.3233333333333333,0.0,0.0,0.0,0.0,0.2339,0.025,9.234533333333333,High priority / low risk
MSN-2021-014839,DRN-0349,2021-06-01,00:35:34,DJI,Construction Progress,91.9,90.11,3.26,94.23,0.33,8.85,No,45,0.6,0,0.21733333333333332,0.0,0.0,0.0,0.0,0.0885,0.375,9.239333333333335,High priority / low risk
MSN-2024-013967,DRN-0459,2024-11-29,01:52:36,Custom,Road Survey,100.0,91.6,0.66,88.31,1.41,10.54,No,28,5.2,0,0.044000000000000004,0.0,0.364,0.0,0.0,0.1054,0.23333333333333334,9.240533333333333,High priority / low risk
MSN-2025-003375,DRN-0182,2025-08-31,12:55:30,DJI,Construction Progress,98.18,93.05,2.75,80.42,0.54,15.83,No,20,3.4,0,0.18333333333333332,0.11449999999999996,0.016000000000000014,0.0,0.0,0.1583,0.16666666666666666,9.251399999999999,High priority / low risk
MSN-2022-012868,DRN-0522,2022-04-29,21:46:04,Custom,Field Mapping,88.5,79.35,1.34,84.37,0.38,30.63,No,45,1.2,0,0.08933333333333333,0.015749999999999886,0.0,0.05,0.013000000000000114,0.3063,0.375,9.253233333333332,High priority / low risk
MSN-2025-011143,DRN-0768,2025-03-26,23:18:15,DJI,Emergency Response,89.71,87.72,2.02,92.89,0.25,18.63,No,56,3.1,0,0.13466666666666666,0.0,0.0,0.009666666666666875,0.0,0.1863,0.4666666666666667,9.25506666666667,High priority / low risk
MSN-2026-008533,DRN-0176,2026-07-05,21:59:17,Parrot,Bridge Inspection,93.41,90.4,2.12,79.99,0.29,19.53,No,28,2.3,0,0.14133333333333334,0.12525000000000014,0.0,0.0,0.0,0.1953,0.23333333333333334,9.259566666666668,High priority / low risk
MSN-2026-000974,DRN-0226,2026-01-06,01:22:09,Autel,Precision Spraying,87.44,86.51,0.61,95.55,1.01,51.9,No,2,5.2,0,0.04066666666666666,0.0,0.20400000000000001,0.08533333333333341,0.0,0.519,0.016666666666666666,9.264000000000001,High priority / low risk
MSN-2024-012164,DRN-0283,2024-06-26,04:23:12,DJI,Perimeter Surveillance,87.81,99.28,1.32,93.69,0.93,32.17,No,16,0.5,0,0.08800000000000001,0.0,0.17200000000000001,0.07299999999999993,0.0,0.32170000000000004,0.13333333333333333,9.272933333333334,High priority / low risk
MSN-2023-004619,DRN-0632,2023-06-29,01:25:44,Custom,Stockpile Measurement,91.67,92.16,4.03,96.19,0.29,18.08,No,23,1.7,0,0.26866666666666666,0.0,0.0,0.0,0.0,0.1808,0.19166666666666668,9.273733333333334,High priority / low risk
MSN-2023-010727,DRN-0589,2023-04-17,14:45:05,Custom,Parcel Delivery,87.9,78.27,3.6,88.49,0.7,11.92,No,8,4.9,0,0.24000000000000002,0.0,0.07999999999999999,0.06999999999999981,0.03460000000000008,0.1192,0.06666666666666667,9.277066666666665,High priority / low risk
MSN-2023-007180,DRN-0348,2023-10-20,10:24:50,Custom,Emergency Response,84.27,79.1,2.11,92.17,0.63,13.21,No,19,2.0,0,0.14066666666666666,0.0,0.052000000000000005,0.19100000000000014,0.018000000000000113,0.1321,0.15833333333333333,9.280800000000005,High priority / low risk
MSN-2026-003904,DRN-0370,2026-06-17,15:27:22,Parrot,Search and Rescue,88.78,96.89,3.65,89.95,0.3,7.61,No,33,1.3,0,0.24333333333333332,0.0,0.0,0.04066666666666663,0.0,0.0761,0.275,9.281466666666665,High priority / low risk
MSN-2023-011883,DRN-0521,2023-03-21,22:27:37,Custom,Perimeter Surveillance,88.19,91.15,3.08,98.31,0.43,24.02,No,24,5.9,0,0.20533333333333334,0.0,0.0,0.06033333333333341,0.0,0.2402,0.2,9.283600000000002,High priority / low risk
MSN-2023-004647,DRN-0143,2023-03-21,06:14:27,DJI,Crop Health Survey,92.98,93.93,3.28,94.67,0.67,1.34,No,41,1.6,0,0.21866666666666665,0.0,0.06800000000000002,0.0,0.0,0.0134,0.3416666666666667,9.286533333333335,High priority / low risk
MSN-2025-004308,DRN-0451,2025-09-20,19:02:15,Autel,Wind Turbine Inspection,87.83,87.42,0.52,74.47,0.37,18.0,No,16,6.7,0,0.034666666666666665,0.26325000000000004,0.0,0.07233333333333339,0.0,0.18,0.13333333333333333,9.287166666666668,High priority / low risk
MSN-2023-007406,DRN-0278,2023-12-30,03:55:06,Custom,Parcel Delivery,90.14,88.21,3.71,96.75,0.89,6.24,No,14,0.7,0,0.24733333333333332,0.0,0.156,0.0,0.0,0.062400000000000004,0.11666666666666667,9.291200000000002,High priority / low risk
MSN-2023-006775,DRN-0719,2023-07-22,14:57:01,Custom,Crop Health Survey,95.17,98.44,1.59,73.22,0.37,7.2,No,13,7.9,0,0.10600000000000001,0.29450000000000004,0.0,0.0,0.0,0.07200000000000001,0.10833333333333334,9.292333333333334,High priority / low risk
MSN-2025-010050,DRN-0747,2025-05-05,22:45:43,Custom,Bridge Inspection,100.0,82.2,3.77,95.92,0.57,9.85,No,31,3.8,0,0.25133333333333335,0.0,0.02799999999999998,0.0,0.0,0.09849999999999999,0.25833333333333336,9.292666666666667,High priority / low risk
MSN-2021-009541,DRN-0754,2021-09-03,17:02:23,Custom,Crop Health Survey,90.56,96.37,4.02,81.58,0.55,3.1,No,16,4.7,0,0.26799999999999996,0.08550000000000005,0.020000000000000018,0.0,0.0,0.031,0.13333333333333333,9.296333333333333,High priority / low risk
MSN-2022-004707,DRN-0219,2022-10-20,02:23:12,Custom,Tower Inspection,97.03,92.36,4.72,92.33,0.67,9.48,No,8,0.9,0,0.31466666666666665,0.0,0.06800000000000002,0.0,0.0,0.09480000000000001,0.06666666666666667,9.299733333333334,High priority / low risk
MSN-2023-006641,DRN-0450,2023-12-01,02:28:27,Custom,Emergency Response,92.03,83.31,1.82,88.3,0.82,1.14,No,57,6.9,0,0.12133333333333333,0.0,0.12799999999999997,0.0,0.0,0.011399999999999999,0.475,9.302533333333333,High priority / low risk
MSN-2024-000906,DRN-0728,2024-08-23,18:22:24,Custom,Thermal Inspection,99.04,98.83,2.07,89.18,0.44,3.47,No,72,6.6,0,0.13799999999999998,0.0,0.0,0.0,0.0,0.0347,0.6,9.3136,High priority / low risk
MSN-2024-001563,DRN-0770,2024-07-24,04:22:55,DJI,Precision Spraying,95.67,92.89,0.95,80.56,0.94,36.98,No,6,1.6,0,0.06333333333333332,0.11099999999999995,0.176,0.0,0.0,0.36979999999999996,0.05,9.313733333333332,High priority / low risk
MSN-2025-001420,DRN-0564,2025-03-20,04:16:55,Parrot,Network Site Survey,100.0,97.55,1.98,88.84,0.99,23.98,No,21,4.9,0,0.132,0.0,0.196,0.0,0.0,0.2398,0.175,9.316400000000002,High priority / low risk
MSN-2022-003767,DRN-0205,2022-02-24,18:07:50,DJI,Crop Health Survey,87.33,88.29,3.0,82.73,0.3,10.22,No,22,2.0,0,0.2,0.0567499999999999,0.0,0.08900000000000005,0.0,0.10220000000000001,0.18333333333333332,9.318433333333335,High priority / low risk
MSN-2024-013864,DRN-0127,2024-08-28,06:27:56,Parrot,Crop Health Survey,89.64,89.13,3.21,91.97,0.78,10.97,No,24,3.6,0,0.214,0.0,0.11200000000000002,0.011999999999999981,0.0,0.1097,0.2,9.3216,High priority / low risk
MSN-2023-011437,DRN-0160,2023-10-28,20:55:51,Autel,Search and Rescue,99.12,85.26,0.9,80.19,0.34,17.8,No,53,3.1,0,0.060000000000000005,0.12025000000000005,0.0,0.0,0.0,0.17800000000000002,0.44166666666666665,9.325166666666668,High priority / low risk
MSN-2024-013729,DRN-0332,2024-09-23,19:07:15,Autel,Search and Rescue,97.95,98.44,3.6,79.67,0.5,19.61,No,1,6.2,0,0.24000000000000002,0.13324999999999995,0.0,0.0,0.0,0.1961,0.008333333333333333,9.330633333333333,High priority / low risk
MSN-2023-002972,DRN-0107,2023-02-10,10:21:28,DJI,Site Survey,87.94,89.68,3.73,86.43,0.44,7.08,No,28,7.1,0,0.24866666666666667,0.0,0.0,0.06866666666666674,0.0,0.0708,0.23333333333333334,9.331733333333334,High priority / low risk
MSN-2022-000431,DRN-0122,2022-01-04,22:47:15,Custom,Solar Farm Inspection,95.99,96.98,0.84,88.63,1.12,15.26,No,41,5.1,0,0.056,0.0,0.24800000000000005,0.0,0.0,0.15259999999999999,0.3416666666666667,9.341466666666667,High priority / low risk
MSN-2021-006549,DRN-0438,2021-10-25,17:14:37,Custom,Network Site Survey,99.6,89.34,0.83,80.07,0.55,8.97,No,59,1.6,0,0.05533333333333333,0.12325000000000016,0.020000000000000018,0.0,0.0,0.0897,0.49166666666666664,9.350100000000003,High priority / low risk
MSN-2025-010291,DRN-0535,2025-01-05,14:43:52,Custom,Road Survey,99.02,97.87,2.99,85.18,1.15,16.56,No,0,4.7,0,0.19933333333333333,0.0,0.25999999999999995,0.0,0.0,0.1656,0.0,9.350133333333332,High priority / low risk
MSN-2022-002094,DRN-0514,2022-05-31,05:42:55,DJI,Emergency Response,97.25,95.87,4.75,97.28,0.29,23.55,No,6,2.6,0,0.31666666666666665,0.0,0.0,0.0,0.0,0.23550000000000001,0.05,9.350666666666669,High priority / low risk
MSN-2022-006243,DRN-0217,2022-05-18,16:26:23,Custom,Warehouse Transfer,86.65,93.49,1.84,96.17,0.59,50.03,No,7,4.8,0,0.12266666666666667,0.0,0.03599999999999999,0.11166666666666648,0.0,0.5003,0.058333333333333334,9.351733333333332,High priority / low risk
MSN-2023-012997,DRN-0745,2023-11-22,08:21:53,Custom,Precision Spraying,85.61,97.76,2.36,92.28,0.77,26.02,No,3,2.0,0,0.15733333333333333,0.0,0.10800000000000001,0.14633333333333334,0.0,0.2602,0.025,9.3536,High priority / low risk
MSN-2025-013656,DRN-0180,2025-01-15,04:16:41,Custom,Road Survey,93.04,86.45,3.61,77.66,0.56,3.23,No,2,6.0,0,0.24066666666666667,0.18350000000000008,0.02400000000000002,0.0,0.0,0.0323,0.016666666666666666,9.358733333333333,High priority / low risk
MSN-2024-007574,DRN-0579,2024-09-04,16:04:47,Custom,Stockpile Measurement,99.2,81.14,1.18,88.84,0.61,5.4,No,79,2.3,0,0.07866666666666666,0.0,0.044,0.0,0.0,0.054000000000000006,0.6583333333333333,9.362,High priority / low risk
MSN-2025-007396,DRN-0401,2025-03-24,01:46:30,Custom,Tower Inspection,92.39,85.39,3.12,85.16,0.46,32.76,No,26,2.3,0,0.20800000000000002,0.0,0.0,0.0,0.0,0.3276,0.21666666666666667,9.363466666666667,High priority / low risk
MSN-2021-001303,DRN-0426,2021-02-19,22:35:22,Parrot,Crop Health Survey,90.55,87.35,2.16,84.35,1.03,11.72,No,24,7.5,0,0.14400000000000002,0.016250000000000143,0.21200000000000002,0.0,0.0,0.11720000000000001,0.2,9.366100000000003,High priority / low risk
MSN-2022-010712,DRN-0436,2022-10-08,16:47:30,Autel,Field Mapping,100.0,92.43,1.25,99.58,0.35,4.64,No,86,7.3,0,0.08333333333333333,0.0,0.0,0.0,0.0,0.0464,0.7166666666666667,9.3712,High priority / low risk
MSN-2023-000381,DRN-0292,2023-05-06,01:41:03,Parrot,Construction Progress,100.0,96.25,1.76,93.15,0.74,14.0,No,52,7.0,0,0.11733333333333333,0.0,0.096,0.0,0.0,0.14,0.43333333333333335,9.378666666666668,High priority / low risk
MSN-2023-010160,DRN-0578,2023-06-08,04:11:17,DJI,Bridge Inspection,85.3,83.79,3.73,83.65,0.44,4.47,No,9,2.2,0,0.24866666666666667,0.033749999999999857,0.0,0.15666666666666676,0.0,0.0447,0.075,9.3791,High priority / low risk
MSN-2022-009866,DRN-0769,2022-08-17,06:51:26,Custom,Safety Monitoring,93.85,81.68,2.46,95.8,0.96,0.42,No,38,3.5,0,0.164,0.0,0.184,0.0,0.0,0.0042,0.31666666666666665,9.384266666666669,High priority / low risk
MSN-2024-008655,DRN-0675,2024-07-09,14:33:51,Custom,Field Mapping,93.64,92.64,3.5,84.07,0.48,2.08,No,44,6.8,0,0.23333333333333334,0.02325000000000017,0.0,0.0,0.0,0.0208,0.36666666666666664,9.384900000000004,High priority / low risk
MSN-2022-012467,DRN-0660,2022-03-09,02:22:18,DJI,Safety Monitoring,90.83,84.78,1.22,81.25,1.3,17.9,No,0,5.6,0,0.08133333333333333,0.09375,0.32,0.0,0.0,0.179,0.0,9.388833333333334,High priority / low risk
MSN-2023-002666,DRN-0405,2023-02-22,10:31:36,Custom,Thermal Inspection,88.68,91.36,1.05,99.45,1.44,1.75,No,22,7.5,0,0.07,0.0,0.376,0.043999999999999775,0.0,0.0175,0.18333333333333332,9.39333333333333,High priority / low risk
MSN-2023-012019,DRN-0509,2023-11-10,19:05:46,Custom,Safety Monitoring,89.79,81.18,4.0,94.18,0.6,28.64,No,7,1.9,0,0.26666666666666666,0.0,0.039999999999999994,0.006999999999999792,0.0,0.2864,0.058333333333333334,9.399199999999997,High priority / low risk
MSN-2023-011234,DRN-0578,2023-01-27,11:49:23,Custom,Wind Turbine Inspection,96.75,96.28,2.9,98.8,0.53,10.15,No,50,1.3,0,0.19333333333333333,0.0,0.01200000000000001,0.0,0.0,0.1015,0.4166666666666667,9.4,High priority / low risk
MSN-2025-014104,DRN-0239,2025-01-06,20:40:40,Autel,Road Survey,99.18,97.46,0.56,92.99,1.3,0.29,No,49,0.5,0,0.037333333333333336,0.0,0.32,0.0,0.0,0.0029,0.4083333333333333,9.407866666666667,High priority / low risk
MSN-2024-010494,DRN-0305,2024-06-20,02:38:02,DJI,Safety Monitoring,99.02,98.71,5.22,98.8,0.29,15.76,No,6,2.8,0,0.348,0.0,0.0,0.0,0.0,0.1576,0.05,9.416799999999999,High priority / low risk
MSN-2021-002726,DRN-0234,2021-07-11,00:18:19,Custom,Tower Inspection,96.28,99.93,3.17,80.28,0.16,8.05,No,24,8.4,0,0.21133333333333332,0.11799999999999997,0.0,0.0,0.0,0.0805,0.2,9.417333333333334,High priority / low risk
MSN-2025-013725,DRN-0688,2025-03-26,16:25:12,Custom,Site Survey,93.97,93.56,2.09,82.38,1.09,9.83,No,13,6.4,0,0.13933333333333334,0.06550000000000011,0.23600000000000004,0.0,0.0,0.0983,0.10833333333333334,9.418066666666668,High priority / low risk
MSN-2023-007762,DRN-0142,2023-07-12,21:51:53,Autel,Road Survey,92.05,85.69,2.0,83.56,0.91,0.58,No,42,2.6,0,0.13333333333333333,0.03599999999999994,0.164,0.0,0.0,0.0058,0.35,9.423733333333333,High priority / low risk
MSN-2023-006010,DRN-0650,2023-01-14,13:18:33,Parrot,Wind Turbine Inspection,97.25,83.7,2.37,83.23,0.9,26.0,No,10,8.4,0,0.158,0.0442499999999999,0.16,0.0,0.0,0.26,0.08333333333333333,9.425833333333332,High priority / low risk
MSN-2026-009134,DRN-0580,2026-04-08,09:05:51,Custom,Medical Delivery,94.07,85.14,4.55,82.54,0.36,2.0,No,18,8.1,0,0.30333333333333334,0.061499999999999846,0.0,0.0,0.0,0.02,0.15,9.440333333333331,High priority / low risk
MSN-2022-014701,DRN-0602,2022-05-19,14:34:32,Autel,Tower Inspection,92.66,87.98,4.45,96.05,0.33,34.36,No,2,3.8,0,0.2966666666666667,0.0,0.0,0.0,0.0,0.3436,0.016666666666666666,9.442133333333333,High priority / low risk
MSN-2022-004947,DRN-0661,2022-08-23,00:25:10,Custom,Tower Inspection,99.89,88.29,1.09,92.34,0.28,15.81,No,79,6.5,0,0.07266666666666667,0.0,0.0,0.0,0.0,0.15810000000000002,0.6583333333333333,9.446800000000001,High priority / low risk
MSN-2026-012279,DRN-0699,2026-01-23,15:19:33,Autel,Emergency Response,98.51,84.57,1.03,94.29,1.82,4.74,No,2,7.4,0,0.06866666666666667,0.0,0.528,0.0,0.0,0.047400000000000005,0.016666666666666666,9.448533333333335,High priority / low risk
MSN-2024-002736,DRN-0176,2024-07-03,21:16:37,DJI,Perimeter Surveillance,93.82,86.28,3.56,84.3,0.56,33.32,No,11,3.8,0,0.23733333333333334,0.01750000000000007,0.02400000000000002,0.0,0.0,0.3332,0.09166666666666666,9.454600000000003,High priority / low risk
MSN-2023-013627,DRN-0776,2023-12-14,06:53:14,DJI,Power Line Inspection,91.59,81.96,0.9,78.55,0.65,4.95,No,48,1.6,0,0.060000000000000005,0.16125000000000006,0.06000000000000001,0.0,0.0,0.0495,0.4,9.458500000000003,High priority / low risk
MSN-2023-012671,DRN-0293,2023-10-20,08:47:14,Parrot,Power Line Inspection,91.93,97.69,2.13,92.72,0.97,18.18,No,27,2.5,0,0.142,0.0,0.188,0.0,0.0,0.1818,0.225,9.4604,High priority / low risk
MSN-2022-000743,DRN-0552,2022-10-17,23:47:38,Autel,Bridge Inspection,84.58,89.09,2.89,88.54,0.41,1.39,No,31,2.1,0,0.19266666666666668,0.0,0.0,0.18066666666666673,0.0,0.0139,0.25833333333333336,9.462533333333335,High priority / low risk
MSN-2021-009945,DRN-0188,2021-04-07,10:18:42,Autel,Road Survey,91.81,79.69,1.52,98.57,1.44,5.26,No,18,1.5,0,0.10133333333333333,0.0,0.376,0.0,0.006200000000000046,0.0526,0.15,9.463733333333336,High priority / low risk
MSN-2022-005180,DRN-0472,2022-09-22,12:23:24,Parrot,Perimeter Surveillance,97.39,87.14,2.75,93.95,0.58,27.97,No,33,5.2,0,0.18333333333333332,0.0,0.03199999999999999,0.0,0.0,0.2797,0.275,9.468933333333332,High priority / low risk
MSN-2026-012559,DRN-0216,2026-02-11,05:27:20,Autel,Site Survey,87.12,95.08,3.25,94.18,0.51,14.26,No,26,5.7,0,0.21666666666666667,0.0,0.0040000000000000036,0.09599999999999985,0.0,0.1426,0.21666666666666667,9.47413333333333,High priority / low risk
MSN-2021-014008,DRN-0757,2021-03-20,00:41:08,DJI,Construction Progress,91.69,98.38,1.97,93.43,0.58,17.34,No,57,4.1,0,0.13133333333333333,0.0,0.03199999999999999,0.0,0.0,0.1734,0.475,9.474533333333333,High priority / low risk
MSN-2023-013227,DRN-0206,2023-09-09,06:15:54,Custom,Crop Health Survey,94.36,96.9,1.31,97.03,0.89,31.7,No,34,1.1,0,0.08733333333333333,0.0,0.156,0.0,0.0,0.317,0.2833333333333333,9.474666666666666,High priority / low risk
MSN-2024-011647,DRN-0599,2024-07-04,12:18:30,Custom,Search and Rescue,86.01,83.52,1.87,83.29,0.43,29.41,No,21,1.0,0,0.12466666666666668,0.042749999999999844,0.0,0.13299999999999984,0.0,0.29410000000000003,0.175,9.476966666666662,High priority / low risk
MSN-2025-011462,DRN-0319,2025-06-05,23:33:06,DJI,Medical Delivery,80.23,86.38,2.02,93.52,0.31,6.81,No,17,8.3,0,0.13466666666666666,0.0,0.0,0.32566666666666655,0.0,0.0681,0.14166666666666666,9.483466666666665,High priority / low risk
MSN-2021-005705,DRN-0770,2021-07-01,10:02:09,Autel,Search and Rescue,90.28,83.17,2.44,82.21,0.78,9.37,No,28,1.4,0,0.16266666666666665,0.06975000000000016,0.11200000000000002,0.0,0.0,0.09369999999999999,0.23333333333333334,9.485100000000003,High priority / low risk
MSN-2023-003531,DRN-0649,2023-04-30,23:55:31,Custom,Safety Monitoring,95.52,79.73,0.81,72.77,0.5,20.86,No,13,6.8,0,0.054000000000000006,0.3057500000000001,0.0,0.0,0.0053999999999999205,0.2086,0.10833333333333334,9.486833333333333,High priority / low risk
MSN-2022-008997,DRN-0429,2022-07-26,16:43:08,DJI,Construction Progress,76.81,86.39,1.21,90.92,0.33,8.04,No,11,6.2,0,0.08066666666666666,0.0,0.0,0.4396666666666666,0.0,0.08039999999999999,0.09166666666666666,9.489866666666666,High priority / low risk
MSN-2021-007416,DRN-0449,2021-04-02,21:53:45,Autel,Power Line Inspection,90.98,81.0,4.27,83.92,0.22,24.9,No,9,2.0,0,0.2846666666666666,0.026999999999999958,0.0,0.0,0.0,0.249,0.075,9.490666666666666,High priority / low risk
MSN-2022-014054,DRN-0129,2022-09-25,23:23:04,Custom,Perimeter Surveillance,100.0,85.97,1.24,79.61,0.34,20.88,No,43,3.6,0,0.08266666666666667,0.13475,0.0,0.0,0.0,0.20879999999999999,0.35833333333333334,9.497900000000001,High priority / low risk
MSN-2024-013890,DRN-0271,2024-06-03,05:19:31,Custom,Crop Health Survey,100.0,82.34,1.39,74.92,0.85,8.97,No,3,5.9,0,0.09266666666666666,0.25199999999999995,0.13999999999999999,0.0,0.0,0.0897,0.025,9.502266666666666,High priority / low risk
MSN-2026-003162,DRN-0478,2026-07-12,14:24:13,Custom,Road Survey,89.65,86.55,2.05,82.87,0.69,7.01,No,45,7.8,0,0.13666666666666666,0.05324999999999989,0.07599999999999998,0.011666666666666476,0.0,0.0701,0.375,9.503299999999996,High priority / low risk
MSN-2022-007509,DRN-0729,2022-12-22,03:09:46,Custom,Perimeter Surveillance,99.93,82.33,3.09,94.06,0.49,20.48,No,40,5.7,0,0.206,0.0,0.0,0.0,0.0,0.2048,0.3333333333333333,9.503733333333333,High priority / low risk
MSN-2024-005235,DRN-0399,2024-03-15,13:47:40,Autel,Construction Progress,90.16,79.26,1.24,86.29,0.43,5.21,No,86,7.9,0,0.08266666666666667,0.0,0.0,0.0,0.014799999999999898,0.0521,0.7166666666666667,9.520533333333333,High priority / low risk
MSN-2024-011402,DRN-0704,2024-11-15,16:40:20,Custom,Search and Rescue,90.25,82.03,1.87,78.52,0.45,3.53,No,43,6.4,0,0.12466666666666668,0.1620000000000001,0.0,0.0,0.0,0.0353,0.35833333333333334,9.524400000000002,High priority / low risk
MSN-2021-005790,DRN-0353,2021-02-09,21:22:45,DJI,Perimeter Surveillance,87.82,85.6,1.84,96.03,0.76,19.02,No,34,2.8,0,0.12266666666666667,0.0,0.10400000000000001,0.0726666666666669,0.0,0.1902,0.2833333333333333,9.52693333333334,High priority / low risk
MSN-2021-004923,DRN-0171,2021-10-11,19:41:54,DJI,Thermal Inspection,92.29,82.04,1.31,85.21,0.43,19.09,No,73,3.4,0,0.08733333333333333,0.0,0.0,0.0,0.0,0.1909,0.6083333333333333,9.531866666666666,High priority / low risk
MSN-2021-002018,DRN-0184,2021-05-23,11:34:04,DJI,Wind Turbine Inspection,94.79,90.85,2.78,83.46,0.5,8.49,No,49,1.9,0,0.18533333333333332,0.03850000000000016,0.0,0.0,0.0,0.0849,0.4083333333333333,9.532866666666669,High priority / low risk
MSN-2025-011844,DRN-0541,2025-01-28,10:41:09,DJI,Power Line Inspection,91.73,99.96,2.07,74.55,0.21,2.72,No,19,1.3,0,0.13799999999999998,0.2612500000000001,0.0,0.0,0.0,0.027200000000000002,0.15833333333333333,9.539433333333335,High priority / low risk
MSN-2025-010735,DRN-0470,2025-05-25,00:57:45,Parrot,Bridge Inspection,85.45,78.86,3.85,88.03,0.56,2.12,No,13,2.1,0,0.25666666666666665,0.0,0.02400000000000002,0.15166666666666656,0.02280000000000001,0.0212,0.10833333333333334,9.541333333333334,High priority / low risk
MSN-2025-007446,DRN-0325,2025-05-11,22:18:25,Custom,Search and Rescue,100.0,98.05,3.12,91.47,1.11,6.87,No,12,5.2,0,0.20800000000000002,0.0,0.24400000000000005,0.0,0.0,0.0687,0.1,9.541600000000003,High priority / low risk
MSN-2021-011222,DRN-0645,2021-07-29,22:52:16,Custom,Power Line Inspection,97.85,94.82,2.79,99.19,0.33,11.9,No,54,7.6,0,0.186,0.0,0.0,0.0,0.0,0.11900000000000001,0.45,9.544,High priority / low risk
MSN-2022-012131,DRN-0387,2022-11-28,15:27:47,DJI,Emergency Response,95.56,81.98,3.33,86.71,0.83,27.87,No,7,1.5,0,0.222,0.0,0.13199999999999998,0.0,0.0,0.2787,0.058333333333333334,9.544933333333333,High priority / low risk
MSN-2023-006911,DRN-0761,2023-09-08,17:28:18,Custom,Tower Inspection,95.31,94.29,1.13,73.72,0.54,10.48,No,21,7.0,0,0.07533333333333332,0.28200000000000003,0.016000000000000014,0.0,0.0,0.1048,0.175,9.545733333333335,High priority / low risk
MSN-2022-006981,DRN-0220,2022-06-22,11:02:03,Custom,Tower Inspection,94.57,84.4,3.18,87.01,0.4,13.22,No,46,7.7,0,0.21200000000000002,0.0,0.0,0.0,0.0,0.1322,0.38333333333333336,9.554933333333334,High priority / low risk
MSN-2026-013797,DRN-0128,2026-01-16,00:00:32,Custom,Field Mapping,92.64,92.73,1.8,90.51,1.17,16.73,No,22,1.0,0,0.12000000000000001,0.0,0.26799999999999996,0.0,0.0,0.1673,0.18333333333333332,9.563733333333335,High priority / low risk
MSN-2021-013215,DRN-0581,2021-02-26,12:44:46,Autel,Construction Progress,91.82,89.32,3.82,91.69,0.29,2.67,No,45,7.0,0,0.25466666666666665,0.0,0.0,0.0,0.0,0.026699999999999998,0.375,9.566266666666667,High priority / low risk
MSN-2022-007248,DRN-0593,2022-09-04,18:30:06,DJI,Search and Rescue,90.84,89.75,1.52,96.99,0.28,1.09,No,87,7.8,0,0.10133333333333333,0.0,0.0,0.0,0.0,0.0109,0.725,9.566533333333332,High priority / low risk
MSN-2023-007789,DRN-0271,2023-12-30,00:54:19,Autel,Network Site Survey,94.19,78.74,3.0,83.52,0.26,30.83,No,22,4.1,0,0.2,0.0370000000000001,0.0,0.0,0.0252000000000001,0.30829999999999996,0.18333333333333332,9.567333333333336,High priority / low risk
MSN-2023-005402,DRN-0775,2023-01-01,07:43:27,Parrot,Perimeter Surveillance,90.86,94.5,3.05,85.32,0.95,9.26,No,22,6.9,0,0.2033333333333333,0.0,0.18,0.0,0.0,0.0926,0.18333333333333332,9.567466666666666,High priority / low risk
MSN-2021-005179,DRN-0129,2021-08-02,11:50:35,Custom,Thermal Inspection,91.57,82.87,6.07,94.46,0.47,3.14,No,5,7.2,0,0.4046666666666667,0.0,0.0,0.0,0.0,0.031400000000000004,0.041666666666666664,9.570533333333334,High priority / low risk
MSN-2021-007126,DRN-0235,2021-12-18,08:28:32,Custom,Site Survey,99.16,84.64,2.02,82.19,0.63,21.26,No,35,6.0,0,0.13466666666666666,0.07025000000000006,0.052000000000000005,0.0,0.0,0.2126,0.2916666666666667,9.572633333333336,High priority / low risk
MSN-2021-004320,DRN-0498,2021-07-21,14:04:34,Custom,Bridge Inspection,95.43,97.76,2.25,95.37,0.64,18.67,No,48,0.8,0,0.15,0.0,0.05600000000000001,0.0,0.0,0.1867,0.4,9.577600000000002,High priority / low risk
MSN-2022-001158,DRN-0766,2022-04-12,18:15:45,Autel,Emergency Response,85.48,82.21,2.84,92.96,0.62,14.14,No,18,7.2,0,0.18933333333333333,0.0,0.048,0.15066666666666653,0.0,0.1414,0.15,9.577866666666665,High priority / low risk
MSN-2022-013134,DRN-0109,2022-12-13,18:06:10,DJI,Emergency Response,92.43,78.43,1.43,84.37,1.19,1.04,No,36,1.0,0,0.09533333333333333,0.015749999999999886,0.27599999999999997,0.0,0.031399999999999866,0.0104,0.3,9.57923333333333,High priority / low risk
MSN-2021-013467,DRN-0514,2021-09-02,01:38:27,Custom,Solar Farm Inspection,82.22,94.39,0.59,75.32,0.29,3.96,No,5,2.9,0,0.03933333333333333,0.24200000000000016,0.0,0.25933333333333336,0.0,0.039599999999999996,0.041666666666666664,9.58546666666667,High priority / low risk
MSN-2026-006786,DRN-0263,2026-07-27,08:18:02,Custom,Construction Progress,89.25,83.02,2.14,82.43,0.73,15.54,No,29,6.5,0,0.14266666666666666,0.06424999999999984,0.092,0.025,0.0,0.15539999999999998,0.24166666666666667,9.59303333333333,High priority / low risk
MSN-2021-006657,DRN-0735,2021-05-24,12:34:06,Autel,Wind Turbine Inspection,95.85,79.86,0.6,98.02,1.32,33.57,No,17,5.7,0,0.04,0.0,0.328,0.0,0.0028000000000000112,0.3357,0.14166666666666666,9.596666666666668,High priority / low risk
MSN-2025-005125,DRN-0321,2025-07-16,13:14:09,Custom,Thermal Inspection,91.72,88.55,3.4,97.33,0.53,15.97,No,38,1.6,0,0.22666666666666666,0.0,0.01200000000000001,0.0,0.0,0.1597,0.31666666666666665,9.598933333333335,High priority / low risk
MSN-2023-005698,DRN-0386,2023-09-20,21:02:17,DJI,Safety Monitoring,95.51,89.84,0.81,72.62,0.15,14.71,No,20,1.6,0,0.054000000000000006,0.3094999999999999,0.0,0.0,0.0,0.1471,0.16666666666666666,9.602466666666665,High priority / low risk
MSN-2026-004099,DRN-0123,2026-07-19,18:11:49,Parrot,Search and Rescue,100.0,98.3,1.62,95.16,0.44,32.07,No,56,1.1,0,0.10800000000000001,0.0,0.0,0.0,0.0,0.3207,0.4666666666666667,9.608266666666667,High priority / low risk
MSN-2025-002685,DRN-0322,2025-07-18,23:06:49,Custom,Construction Progress,94.34,78.71,2.1,85.9,0.38,25.98,No,51,7.5,0,0.14,0.0,0.0,0.0,0.025800000000000125,0.25980000000000003,0.425,9.6148,High priority / low risk
MSN-2025-014384,DRN-0713,2025-03-01,22:29:27,Custom,Power Line Inspection,93.96,97.44,1.26,85.34,0.19,13.77,No,80,2.8,0,0.084,0.0,0.0,0.0,0.0,0.1377,0.6666666666666666,9.616266666666668,High priority / low risk
MSN-2021-005137,DRN-0231,2021-02-28,05:29:15,DJI,Precision Spraying,91.19,94.18,0.74,94.06,0.65,88.86,No,7,2.9,0,0.04933333333333333,0.0,0.06000000000000001,0.0,0.0,0.8886,0.058333333333333334,9.617466666666665,High priority / low risk
MSN-2025-006531,DRN-0528,2025-04-26,23:41:04,Parrot,Safety Monitoring,86.81,84.11,1.7,92.92,0.86,31.74,No,13,0.9,0,0.11333333333333333,0.0,0.144,0.10633333333333325,0.0,0.31739999999999996,0.10833333333333334,9.620533333333332,High priority / low risk
MSN-2024-014252,DRN-0183,2024-12-15,03:47:50,DJI,Emergency Response,85.73,93.68,2.11,94.76,0.59,10.79,No,38,6.7,0,0.14066666666666666,0.0,0.03599999999999999,0.1423333333333332,0.0,0.1079,0.31666666666666665,9.6212,High priority / low risk
MSN-2025-000399,DRN-0456,2025-04-26,18:43:00,Custom,Search and Rescue,95.06,97.82,3.66,95.8,0.74,23.87,No,12,6.6,0,0.24400000000000002,0.0,0.096,0.0,0.0,0.23870000000000002,0.1,9.621600000000003,High priority / low risk
MSN-2024-006480,DRN-0510,2024-09-15,11:40:19,Autel,Road Survey,98.17,97.14,1.35,83.39,0.96,2.19,No,50,3.7,0,0.09000000000000001,0.04024999999999999,0.184,0.0,0.0,0.0219,0.4166666666666667,9.622366666666668,High priority / low risk
MSN-2022-000350,DRN-0191,2022-06-15,00:54:32,Custom,Wind Turbine Inspection,83.29,93.26,1.65,95.7,0.85,11.82,No,14,8.1,0,0.11,0.0,0.13999999999999999,0.22366666666666646,0.0,0.1182,0.11666666666666667,9.6236,High priority / low risk
MSN-2022-000504,DRN-0237,2022-01-18,07:40:17,Parrot,Field Mapping,92.98,85.92,3.59,94.89,0.46,19.14,No,34,5.3,0,0.23933333333333331,0.0,0.0,0.0,0.0,0.19140000000000001,0.2833333333333333,9.629866666666667,High priority / low risk
MSN-2026-006392,DRN-0549,2026-05-25,21:07:12,Custom,Thermal Inspection,91.4,83.06,4.75,91.22,0.5,31.22,No,2,2.4,0,0.31666666666666665,0.0,0.0,0.0,0.0,0.3122,0.016666666666666666,9.630933333333333,High priority / low risk
MSN-2026-007448,DRN-0217,2026-07-30,18:54:42,Custom,Solar Farm Inspection,87.79,91.12,0.75,80.96,1.33,9.88,No,3,2.1,0,0.05,0.10100000000000016,0.332,0.07366666666666646,0.0,0.09880000000000001,0.025,9.637733333333335,High priority / low risk
MSN-2022-010830,DRN-0614,2022-01-05,17:28:10,Custom,Search and Rescue,93.58,89.27,2.69,88.01,0.22,7.73,No,61,6.8,0,0.17933333333333332,0.0,0.0,0.0,0.0,0.07730000000000001,0.5083333333333333,9.647066666666667,High priority / low risk
MSN-2021-000648,DRN-0537,2021-02-26,22:03:58,Custom,Construction Progress,91.46,88.05,1.28,73.72,0.34,4.51,No,28,5.0,0,0.08533333333333333,0.28200000000000003,0.0,0.0,0.0,0.0451,0.23333333333333334,9.647466666666666,High priority / low risk
MSN-2021-008582,DRN-0398,2021-05-12,01:14:39,Parrot,Stockpile Measurement,91.28,91.38,0.74,90.03,0.6,16.7,No,80,1.1,0,0.04933333333333333,0.0,0.039999999999999994,0.0,0.0,0.16699999999999998,0.6666666666666666,9.648,High priority / low risk
MSN-2023-002814,DRN-0620,2023-10-18,23:20:29,Autel,Bridge Inspection,92.18,83.77,2.09,99.32,0.53,15.6,No,62,1.0,0,0.13933333333333334,0.0,0.01200000000000001,0.0,0.0,0.156,0.5166666666666667,9.648000000000001,High priority / low risk
MSN-2024-014879,DRN-0170,2024-12-14,09:46:46,DJI,Field Mapping,94.77,86.85,2.82,90.62,0.21,18.9,No,48,5.1,0,0.188,0.0,0.0,0.0,0.0,0.18899999999999997,0.4,9.648000000000001,High priority / low risk
MSN-2023-007192,DRN-0281,2023-09-19,00:04:37,Autel,Search and Rescue,97.19,92.76,1.52,87.73,0.24,18.78,No,71,0.8,0,0.10133333333333333,0.0,0.0,0.0,0.0,0.18780000000000002,0.5916666666666667,9.648400000000002,High priority / low risk
MSN-2023-000794,DRN-0163,2023-06-21,09:54:52,DJI,Solar Farm Inspection,94.14,83.14,5.82,83.97,0.22,2.92,No,5,7.9,0,0.388,0.02575000000000003,0.0,0.0,0.0,0.0292,0.041666666666666664,9.649766666666668,High priority / low risk
MSN-2023-008082,DRN-0686,2023-01-02,22:09:33,DJI,Site Survey,98.94,91.12,3.03,87.83,0.32,14.12,No,49,6.1,0,0.20199999999999999,0.0,0.0,0.0,0.0,0.1412,0.4083333333333333,9.656933333333335,High priority / low risk
MSN-2022-014711,DRN-0482,2022-12-13,13:03:06,Custom,Site Survey,90.83,85.09,1.3,95.8,0.93,12.71,No,52,6.3,0,0.08666666666666667,0.0,0.17200000000000001,0.0,0.0,0.12710000000000002,0.43333333333333335,9.664800000000001,High priority / low risk
MSN-2026-012844,DRN-0146,2026-05-07,09:37:26,Custom,Power Line Inspection,85.26,84.28,0.94,79.09,0.21,18.88,No,23,7.8,0,0.06266666666666666,0.1477499999999999,0.0,0.15799999999999984,0.0,0.1888,0.19166666666666668,9.67723333333333,High priority / low risk
MSN-2026-014946,DRN-0413,2026-05-21,14:36:54,DJI,Site Survey,100.0,82.82,1.97,94.39,0.98,11.74,No,38,6.6,0,0.13133333333333333,0.0,0.192,0.0,0.0,0.1174,0.31666666666666665,9.6832,High priority / low risk
MSN-2022-001494,DRN-0267,2022-08-09,09:20:24,Custom,Site Survey,100.0,78.39,2.55,87.96,0.79,25.78,No,24,6.3,0,0.16999999999999998,0.0,0.11600000000000002,0.0,0.032199999999999986,0.25780000000000003,0.2,9.684000000000001,High priority / low risk
MSN-2021-014213,DRN-0418,2021-12-28,10:59:21,Parrot,Perimeter Surveillance,91.16,83.27,3.0,93.17,0.44,21.31,No,43,7.8,0,0.2,0.0,0.0,0.0,0.0,0.21309999999999998,0.35833333333333334,9.688133333333335,High priority / low risk
MSN-2022-000490,DRN-0349,2022-03-20,01:20:16,Autel,Crop Health Survey,86.58,96.58,1.62,81.94,0.22,33.49,No,20,3.9,0,0.10800000000000001,0.07650000000000005,0.0,0.11400000000000006,0.0,0.33490000000000003,0.16666666666666666,9.694866666666668,High priority / low risk
MSN-2025-007856,DRN-0210,2025-11-25,15:39:43,Custom,Wind Turbine Inspection,91.17,87.72,2.66,96.96,0.43,29.79,No,41,2.4,0,0.17733333333333334,0.0,0.0,0.0,0.0,0.2979,0.3416666666666667,9.701200000000002,High priority / low risk
MSN-2025-009382,DRN-0370,2025-08-15,18:31:25,Parrot,Solar Farm Inspection,86.88,84.95,1.44,82.55,0.55,2.17,No,55,7.5,0,0.096,0.06125000000000007,0.020000000000000018,0.10400000000000015,0.0,0.0217,0.4583333333333333,9.707433333333338,High priority / low risk
MSN-2023-006028,DRN-0123,2023-09-15,07:55:30,DJI,Site Survey,94.35,99.37,4.28,96.47,0.19,4.41,No,37,2.2,0,0.2853333333333333,0.0,0.0,0.0,0.0,0.0441,0.30833333333333335,9.713466666666667,High priority / low risk
MSN-2021-010700,DRN-0102,2021-02-20,21:24:28,Autel,Stockpile Measurement,92.99,97.85,2.99,76.84,0.21,18.7,No,2,7.0,0,0.19933333333333333,0.2039999999999999,0.0,0.0,0.0,0.187,0.016666666666666666,9.719999999999999,High priority / low risk
MSN-2022-009672,DRN-0759,2022-01-05,06:16:03,Custom,Safety Monitoring,100.0,83.48,3.21,95.99,0.73,11.28,No,34,5.1,0,0.214,0.0,0.092,0.0,0.0,0.1128,0.2833333333333333,9.731733333333334,High priority / low risk
MSN-2022-001861,DRN-0774,2022-05-26,01:26:09,Custom,Emergency Response,88.73,94.46,4.89,95.36,0.44,10.04,No,14,8.4,0,0.32599999999999996,0.0,0.0,0.0423333333333332,0.0,0.10039999999999999,0.11666666666666667,9.734533333333331,High priority / low risk
MSN-2024-013070,DRN-0687,2024-07-26,02:06:30,DJI,Stockpile Measurement,96.52,96.46,2.78,76.79,0.72,7.13,No,2,6.7,0,0.18533333333333332,0.20524999999999985,0.088,0.0,0.0,0.0713,0.016666666666666666,9.740899999999996,High priority / low risk
MSN-2025-004123,DRN-0494,2025-11-03,13:48:52,DJI,Network Site Survey,83.9,86.16,2.18,89.53,0.63,4.83,No,31,4.7,0,0.14533333333333334,0.0,0.052000000000000005,0.20333333333333314,0.0,0.0483,0.25833333333333336,9.74173333333333,High priority / low risk
MSN-2024-007840,DRN-0106,2024-11-02,09:11:52,Custom,Construction Progress,96.15,78.93,0.82,76.45,0.33,17.03,No,38,2.7,0,0.05466666666666666,0.21374999999999994,0.0,0.0,0.021399999999999864,0.1703,0.31666666666666665,9.75043333333333,High priority / low risk
MSN-2024-011400,DRN-0553,2024-07-22,19:40:47,Custom,Power Line Inspection,97.19,81.15,2.92,91.47,0.57,20.79,No,41,4.3,0,0.19466666666666665,0.0,0.02799999999999998,0.0,0.0,0.2079,0.3416666666666667,9.754533333333335,High priority / low risk
MSN-2022-005369,DRN-0117,2022-02-27,06:14:38,DJI,Wind Turbine Inspection,85.49,85.41,1.45,98.04,1.05,23.26,No,7,6.3,0,0.09666666666666666,0.0,0.22000000000000003,0.1503333333333335,0.0,0.23260000000000003,0.058333333333333334,9.755466666666669,High priority / low risk
MSN-2022-012338,DRN-0580,2022-04-15,08:57:04,Custom,Parcel Delivery,100.0,94.02,2.96,85.48,1.12,9.7,No,14,0.7,0,0.19733333333333333,0.0,0.24800000000000005,0.0,0.0,0.09699999999999999,0.11666666666666667,9.756,High priority / low risk
MSN-2022-000134,DRN-0585,2022-12-16,18:45:28,Custom,Solar Farm Inspection,92.83,81.77,0.74,94.11,1.15,2.57,No,58,5.4,0,0.04933333333333333,0.0,0.25999999999999995,0.0,0.0,0.025699999999999997,0.48333333333333334,9.764266666666668,High priority / low risk
MSN-2023-009433,DRN-0204,2023-07-24,03:46:50,Custom,Bridge Inspection,95.21,92.88,1.45,88.28,1.11,9.06,No,42,1.4,0,0.09666666666666666,0.0,0.24400000000000005,0.0,0.0,0.0906,0.35,9.76746666666667,High priority / low risk
MSN-2021-014750,DRN-0544,2021-03-13,15:45:06,DJI,Thermal Inspection,94.38,91.42,1.84,98.46,1.19,19.26,No,20,7.8,0,0.12266666666666667,0.0,0.27599999999999997,0.0,0.0,0.19260000000000002,0.16666666666666666,9.770133333333334,High priority / low risk
MSN-2025-009000,DRN-0311,2025-07-19,04:01:07,Custom,Emergency Response,98.22,86.53,4.41,89.98,0.52,22.24,No,17,6.2,0,0.294,0.0,0.008000000000000007,0.0,0.0,0.2224,0.14166666666666666,9.775866666666666,High priority / low risk
MSN-2026-007628,DRN-0423,2026-03-18,06:31:21,Parrot,Field Mapping,86.66,79.43,0.69,88.83,0.41,12.9,No,73,3.1,0,0.046,0.0,0.0,0.11133333333333345,0.011399999999999863,0.129,0.6083333333333333,9.7772,High priority / low risk
MSN-2023-003842,DRN-0246,2023-10-23,03:30:02,Parrot,Tower Inspection,86.77,81.72,2.32,87.2,0.69,12.14,No,34,4.0,0,0.15466666666666665,0.0,0.07599999999999998,0.1076666666666668,0.0,0.12140000000000001,0.2833333333333333,9.778533333333336,High priority / low risk
MSN-2023-005532,DRN-0243,2023-01-02,04:37:33,Custom,Network Site Survey,97.56,98.1,2.97,86.56,1.39,0.28,No,5,8.0,0,0.198,0.0,0.356,0.0,0.0,0.0028000000000000004,0.041666666666666664,9.779066666666667,High priority / low risk
MSN-2021-002262,DRN-0664,2021-10-19,00:36:00,Custom,Tower Inspection,87.8,98.62,3.31,89.94,0.15,3.97,No,43,4.6,0,0.22066666666666668,0.0,0.0,0.07333333333333343,0.0,0.0397,0.35833333333333334,9.782266666666668,High priority / low risk
MSN-2022-002638,DRN-0220,2022-07-19,09:19:51,Autel,Bridge Inspection,95.39,84.71,1.13,80.44,0.67,27.59,No,35,8.3,0,0.07533333333333332,0.11400000000000006,0.06800000000000002,0.0,0.0,0.2759,0.2916666666666667,9.785200000000001,High priority / low risk
MSN-2023-013905,DRN-0257,2023-08-17,18:46:06,DJI,Bridge Inspection,91.83,96.16,4.78,97.48,0.44,27.39,No,7,8.4,0,0.3186666666666667,0.0,0.0,0.0,0.0,0.27390000000000003,0.058333333333333334,9.785200000000001,High priority / low risk
MSN-2022-006621,DRN-0656,2022-02-22,19:45:00,Autel,Solar Farm Inspection,93.37,83.82,2.63,86.37,1.33,2.5,No,13,4.6,0,0.1753333333333333,0.0,0.332,0.0,0.0,0.025,0.10833333333333334,9.788666666666668,High priority / low risk
MSN-2025-014565,DRN-0245,2025-11-20,18:32:14,Autel,Thermal Inspection,89.83,97.65,3.45,80.05,0.35,26.11,No,4,0.7,0,0.23,0.12375000000000007,0.0,0.0056666666666667235,0.0,0.2611,0.03333333333333333,9.788966666666669,High priority / low risk
MSN-2025-000354,DRN-0330,2025-09-03,11:12:42,Custom,Safety Monitoring,81.01,82.22,3.07,88.45,0.4,3.27,No,10,7.3,0,0.20466666666666666,0.0,0.0,0.29966666666666647,0.0,0.0327,0.08333333333333333,9.79293333333333,High priority / low risk
MSN-2023-004421,DRN-0345,2023-03-02,22:31:24,Custom,Site Survey,98.71,89.34,2.0,76.94,0.73,3.5,No,20,6.1,0,0.13333333333333333,0.20150000000000007,0.092,0.0,0.0,0.035,0.16666666666666666,9.795000000000002,High priority / low risk
MSN-2022-008176,DRN-0342,2022-02-21,19:33:30,DJI,Construction Progress,100.0,92.62,1.17,86.39,1.57,24.01,No,2,3.1,0,0.078,0.0,0.42800000000000005,0.0,0.0,0.2401,0.016666666666666666,9.795466666666668,High priority / low risk
MSN-2022-012793,DRN-0674,2022-05-12,13:07:34,Custom,Search and Rescue,94.58,79.17,2.45,84.23,0.85,25.27,No,21,8.1,0,0.16333333333333336,0.0192499999999999,0.13999999999999999,0.0,0.016599999999999965,0.2527,0.175,9.80423333333333,High priority / low risk
MSN-2026-004116,DRN-0232,2026-05-18,04:33:24,DJI,Thermal Inspection,97.64,84.13,1.59,95.94,1.29,16.23,No,21,2.8,0,0.10600000000000001,0.0,0.316,0.0,0.0,0.1623,0.175,9.804400000000001,High priority / low risk
MSN-2023-009774,DRN-0284,2023-01-01,14:49:13,Parrot,Thermal Inspection,100.0,87.69,1.99,74.87,0.48,27.06,No,2,8.2,0,0.13266666666666665,0.25324999999999986,0.0,0.0,0.0,0.2706,0.016666666666666666,9.808633333333331,High priority / low risk
MSN-2023-001817,DRN-0684,2023-11-26,07:24:39,DJI,Bridge Inspection,84.69,87.86,2.66,90.22,0.56,14.83,No,23,0.7,0,0.17733333333333334,0.0,0.02400000000000002,0.17700000000000007,0.0,0.1483,0.19166666666666668,9.818400000000002,High priority / low risk
MSN-2024-006374,DRN-0393,2024-09-16,08:20:11,DJI,Solar Farm Inspection,80.99,82.85,2.42,85.89,0.81,3.1,No,1,5.3,0,0.16133333333333333,0.0,0.12400000000000003,0.3003333333333335,0.0,0.031,0.008333333333333333,9.821333333333337,High priority / low risk
MSN-2025-012080,DRN-0189,2025-07-03,02:33:46,Custom,Perimeter Surveillance,83.04,86.49,2.25,84.57,0.62,6.17,No,23,0.6,0,0.15,0.010750000000000171,0.048,0.2319999999999998,0.0,0.0617,0.19166666666666668,9.823766666666668,High priority / low risk
MSN-2023-013634,DRN-0707,2023-11-25,04:43:02,DJI,Power Line Inspection,81.8,96.63,2.94,90.74,0.53,7.51,No,11,8.2,0,0.196,0.0,0.01200000000000001,0.27333333333333343,0.0,0.0751,0.09166666666666666,9.824133333333334,High priority / low risk
MSN-2024-010273,DRN-0116,2024-04-29,19:10:36,Custom,Power Line Inspection,92.41,93.54,2.02,89.33,0.25,30.58,No,53,5.9,0,0.13466666666666666,0.0,0.0,0.0,0.0,0.30579999999999996,0.44166666666666665,9.825733333333334,High priority / low risk
MSN-2025-004566,DRN-0442,2025-01-07,05:15:02,DJI,Construction Progress,95.75,93.42,1.63,82.48,0.9,32.02,No,18,4.3,0,0.10866666666666666,0.0629999999999999,0.16,0.0,0.0,0.32020000000000004,0.15,9.826266666666665,High priority / low risk
MSN-2023-005547,DRN-0238,2023-09-27,10:38:43,Custom,Medical Delivery,92.67,97.81,0.77,94.77,0.42,76.46,No,31,4.7,0,0.051333333333333335,0.0,0.0,0.0,0.0,0.7646,0.25833333333333336,9.829466666666667,High priority / low risk
MSN-2024-009568,DRN-0300,2024-04-15,18:34:25,Custom,Stockpile Measurement,87.81,98.48,0.96,82.97,0.41,9.25,No,69,5.2,0,0.064,0.05075000000000003,0.0,0.07299999999999993,0.0,0.0925,0.575,9.833499999999999,High priority / low risk
MSN-2022-005389,DRN-0558,2022-07-07,12:47:33,Custom,Construction Progress,94.2,97.93,1.55,73.92,0.39,9.27,No,22,2.5,0,0.10333333333333333,0.27699999999999997,0.0,0.0,0.0,0.09269999999999999,0.18333333333333332,9.834266666666666,High priority / low risk
MSN-2023-003235,DRN-0700,2023-01-05,07:54:01,Parrot,Emergency Response,90.85,82.7,2.31,89.23,0.91,14.39,No,36,1.0,0,0.154,0.0,0.164,0.0,0.0,0.1439,0.3,9.8352,High priority / low risk
MSN-2023-010108,DRN-0687,2023-07-09,21:55:56,Custom,Warehouse Transfer,94.16,87.12,2.84,92.83,0.52,13.37,No,54,7.3,0,0.18933333333333333,0.0,0.008000000000000007,0.0,0.0,0.13369999999999999,0.45,9.846933333333334,High priority / low risk
MSN-2026-012719,DRN-0748,2026-07-18,03:18:34,Autel,Wind Turbine Inspection,82.98,81.49,0.84,99.35,0.22,31.37,No,34,4.1,0,0.056,0.0,0.0,0.23399999999999987,0.0,0.31370000000000003,0.2833333333333333,9.850933333333332,High priority / low risk
MSN-2023-005535,DRN-0188,2023-05-19,05:02:14,Custom,Construction Progress,85.83,85.38,1.39,97.18,0.24,7.72,No,63,7.0,0,0.09266666666666666,0.0,0.0,0.13900000000000007,0.0,0.07719999999999999,0.525,9.852266666666667,High priority / low risk
MSN-2022-011369,DRN-0769,2022-05-11,04:45:21,Custom,Construction Progress,97.1,86.39,1.49,78.87,0.94,7.65,No,22,3.6,0,0.09933333333333333,0.1532499999999999,0.176,0.0,0.0,0.0765,0.18333333333333332,9.853166666666663,High priority / low risk
MSN-2022-013182,DRN-0577,2022-11-26,03:54:52,Custom,Emergency Response,89.09,80.21,1.22,85.93,0.54,18.8,No,71,5.6,0,0.08133333333333333,0.0,0.016000000000000014,0.03033333333333322,0.0,0.188,0.5916666666666667,9.858666666666666,High priority / low risk
MSN-2024-006210,DRN-0660,2024-02-23,12:22:59,Custom,Safety Monitoring,94.57,96.41,2.26,83.21,0.66,12.65,No,46,1.9,0,0.15066666666666664,0.04475000000000016,0.06400000000000002,0.0,0.0,0.1265,0.38333333333333336,9.861500000000003,High priority / low risk
MSN-2024-007463,DRN-0350,2024-07-26,00:07:35,Custom,Field Mapping,85.26,83.87,2.1,90.41,0.79,6.64,No,29,6.7,0,0.14,0.0,0.11600000000000002,0.15799999999999984,0.0,0.0664,0.24166666666666667,9.863866666666667,High priority / low risk
MSN-2021-013664,DRN-0728,2021-01-01,10:55:46,Autel,Search and Rescue,93.12,98.23,3.11,86.95,0.16,22.58,No,42,1.2,0,0.20733333333333331,0.0,0.0,0.0,0.0,0.22579999999999997,0.35,9.867733333333334,High priority / low risk
MSN-2021-006276,DRN-0358,2021-10-04,00:07:40,Autel,Power Line Inspection,91.03,84.61,1.24,87.64,0.66,14.43,No,72,8.0,0,0.08266666666666667,0.0,0.06400000000000002,0.0,0.0,0.14429999999999998,0.6,9.869066666666667,High priority / low risk
MSN-2021-002344,DRN-0149,2021-05-23,14:48:03,DJI,Network Site Survey,83.01,91.39,2.23,93.13,0.35,7.4,No,33,2.9,0,0.14866666666666667,0.0,0.0,0.23299999999999982,0.0,0.07400000000000001,0.275,9.874666666666664,High priority / low risk
MSN-2025-014050,DRN-0337,2025-09-20,05:59:36,DJI,Thermal Inspection,98.04,88.57,3.7,89.49,0.58,21.89,No,27,2.6,0,0.24666666666666667,0.0,0.03199999999999999,0.0,0.0,0.2189,0.225,9.875866666666667,High priority / low risk
MSN-2025-009424,DRN-0625,2025-12-17,21:19:10,DJI,Site Survey,88.14,79.4,0.52,76.78,0.49,2.53,No,51,5.8,0,0.034666666666666665,0.20549999999999996,0.0,0.06199999999999998,0.011999999999999886,0.0253,0.425,9.878066666666664,High priority / low risk
MSN-2023-013305,DRN-0604,2023-04-28,23:48:52,DJI,Search and Rescue,91.5,93.98,0.75,86.32,0.62,9.68,No,88,0.8,0,0.05,0.0,0.048,0.0,0.0,0.0968,0.7333333333333333,9.879733333333334,High priority / low risk
MSN-2021-004387,DRN-0327,2021-07-23,22:59:40,Custom,Safety Monitoring,85.52,92.48,0.76,83.43,0.47,2.73,No,69,8.0,0,0.050666666666666665,0.03924999999999983,0.0,0.14933333333333346,0.0,0.0273,0.575,9.880233333333331,High priority / low risk
MSN-2025-010495,DRN-0613,2025-08-22,12:59:05,DJI,Tower Inspection,96.94,97.0,5.88,89.43,0.33,12.61,No,3,7.8,0,0.392,0.0,0.0,0.0,0.0,0.1261,0.025,9.8828,High priority / low risk
MSN-2022-013178,DRN-0440,2022-08-25,10:56:22,Custom,Bridge Inspection,87.97,94.32,2.35,90.38,0.52,32.87,No,33,4.4,0,0.15666666666666668,0.0,0.008000000000000007,0.06766666666666671,0.0,0.3287,0.275,9.8856,High priority / low risk
MSN-2024-002037,DRN-0161,2024-06-11,06:13:42,DJI,Stockpile Measurement,87.47,97.34,2.43,85.03,0.18,0.78,No,61,7.6,0,0.162,0.0,0.0,0.08433333333333337,0.0,0.0078000000000000005,0.5083333333333333,9.890400000000001,High priority / low risk
MSN-2022-011034,DRN-0396,2022-08-24,00:43:29,Custom,Tower Inspection,90.25,91.23,1.92,83.85,0.54,27.1,No,50,4.2,0,0.128,0.028750000000000143,0.016000000000000014,0.0,0.0,0.271,0.4166666666666667,9.89216666666667,High priority / low risk
MSN-2026-003109,DRN-0198,2026-07-10,12:58:17,Custom,Wind Turbine Inspection,86.22,97.13,2.63,96.17,0.67,6.08,No,34,7.6,0,0.1753333333333333,0.0,0.06800000000000002,0.12600000000000003,0.0,0.0608,0.2833333333333333,9.893066666666668,High priority / low risk
MSN-2024-006587,DRN-0202,2024-01-15,17:25:20,Autel,Network Site Survey,92.37,97.16,0.61,87.98,0.54,24.31,No,82,7.1,0,0.04066666666666666,0.0,0.016000000000000014,0.0,0.0,0.24309999999999998,0.6833333333333333,9.8968,High priority / low risk
MSN-2025-013253,DRN-0468,2025-11-23,19:49:57,Custom,Parcel Delivery,90.95,91.79,4.32,79.2,0.52,6.4,No,4,1.0,0,0.28800000000000003,0.14499999999999993,0.008000000000000007,0.0,0.0,0.064,0.03333333333333333,9.903333333333332,High priority / low risk
MSN-2025-000373,DRN-0481,2025-01-29,03:58:53,DJI,Crop Health Survey,92.63,85.99,3.47,93.52,1.08,2.99,No,16,3.9,0,0.23133333333333334,0.0,0.23200000000000004,0.0,0.0,0.029900000000000003,0.13333333333333333,9.909866666666668,High priority / low risk
MSN-2024-010416,DRN-0295,2024-02-21,17:15:06,Custom,Thermal Inspection,85.25,88.81,3.27,84.21,0.19,9.94,No,21,6.4,0,0.218,0.019750000000000156,0.0,0.15833333333333333,0.0,0.09939999999999999,0.175,9.91336666666667,High priority / low risk
MSN-2023-013740,DRN-0266,2023-05-22,03:44:08,Custom,Network Site Survey,94.5,91.52,1.33,78.37,0.22,8.31,No,52,5.8,0,0.08866666666666667,0.1657499999999999,0.0,0.0,0.0,0.08310000000000001,0.43333333333333335,9.932299999999998,High priority / low risk
MSN-2024-004931,DRN-0392,2024-07-03,22:16:24,Custom,Road Survey,95.88,84.6,1.11,98.13,1.5,26.54,No,7,2.5,0,0.07400000000000001,0.0,0.4,0.0,0.0,0.26539999999999997,0.058333333333333334,9.934533333333334,High priority / low risk
MSN-2022-005257,DRN-0634,2022-11-13,08:33:19,DJI,Solar Farm Inspection,88.89,97.48,3.87,82.73,0.57,3.08,No,25,3.8,0,0.258,0.0567499999999999,0.02799999999999998,0.036999999999999984,0.0,0.0308,0.20833333333333334,9.937233333333332,High priority / low risk
MSN-2021-003579,DRN-0585,2021-08-10,00:24:59,Custom,Medical Delivery,88.83,78.61,1.19,81.17,0.19,26.48,No,43,5.0,0,0.07933333333333333,0.09574999999999996,0.0,0.039000000000000055,0.027800000000000012,0.2648,0.35833333333333334,9.938966666666666,High priority / low risk
MSN-2023-008230,DRN-0547,2023-07-18,03:32:46,Autel,Tower Inspection,86.42,96.09,2.41,81.74,0.38,23.15,No,17,7.1,0,0.16066666666666668,0.08150000000000013,0.0,0.11933333333333328,0.0,0.23149999999999998,0.14166666666666666,9.941000000000003,High priority / low risk
MSN-2022-013068,DRN-0209,2022-05-13,13:11:41,Custom,Road Survey,95.1,86.87,3.43,93.19,0.52,24.59,No,34,5.0,0,0.22866666666666668,0.0,0.008000000000000007,0.0,0.0,0.2459,0.2833333333333333,9.943200000000001,High priority / low risk
MSN-2021-010707,DRN-0347,2021-03-31,12:04:24,DJI,Field Mapping,77.78,86.46,0.75,98.53,0.24,22.62,No,16,5.6,0,0.05,0.0,0.0,0.40733333333333327,0.0,0.2262,0.13333333333333333,9.9456,High priority / low risk
MSN-2024-013889,DRN-0419,2024-01-13,21:16:30,DJI,Wind Turbine Inspection,81.8,98.81,1.79,89.68,0.2,11.39,No,31,1.2,0,0.11933333333333333,0.0,0.0,0.27333333333333343,0.0,0.1139,0.25833333333333336,9.946533333333335,High priority / low risk
MSN-2023-003469,DRN-0432,2023-06-07,04:28:15,DJI,Site Survey,95.63,94.28,4.07,97.81,0.44,30.97,No,18,7.1,0,0.27133333333333337,0.0,0.0,0.0,0.0,0.3097,0.15,9.946933333333334,High priority / low risk
MSN-2022-008363,DRN-0633,2022-07-01,13:20:25,Custom,Warehouse Transfer,96.49,90.08,1.14,81.85,0.46,57.69,No,27,7.6,0,0.076,0.07875000000000014,0.0,0.0,0.0,0.5769,0.225,9.954700000000003,High priority / low risk
MSN-2021-000824,DRN-0594,2021-01-27,11:33:23,DJI,Wind Turbine Inspection,96.0,97.24,1.03,90.74,1.03,19.57,No,47,2.7,0,0.06866666666666667,0.0,0.21200000000000002,0.0,0.0,0.1957,0.39166666666666666,9.960933333333335,High priority / low risk
MSN-2024-005076,DRN-0548,2024-06-06,12:52:25,Autel,Solar Farm Inspection,87.69,84.61,2.17,78.51,0.62,11.81,No,14,3.9,0,0.14466666666666667,0.16224999999999987,0.048,0.07700000000000008,0.0,0.11810000000000001,0.11666666666666667,9.964633333333332,High priority / low risk
MSN-2024-009081,DRN-0208,2024-03-05,02:26:38,Parrot,Stockpile Measurement,96.68,84.26,2.68,93.04,0.68,2.42,No,58,2.9,0,0.17866666666666667,0.0,0.07200000000000002,0.0,0.0,0.0242,0.48333333333333334,9.965600000000002,High priority / low risk
MSN-2022-009722,DRN-0620,2022-09-13,13:16:58,DJI,Search and Rescue,88.97,79.63,0.78,96.37,1.24,2.95,No,47,3.5,0,0.052000000000000005,0.0,0.296,0.03433333333333337,0.0074000000000000905,0.029500000000000002,0.39166666666666666,9.980533333333335,High priority / low risk
MSN-2024-013689,DRN-0503,2024-02-08,01:55:42,Parrot,Power Line Inspection,94.97,97.31,1.45,74.44,0.52,33.22,No,4,5.1,0,0.09666666666666666,0.26400000000000007,0.008000000000000007,0.0,0.0,0.3322,0.03333333333333333,9.9816,High priority / low risk
MSN-2022-005190,DRN-0255,2022-02-17,04:26:24,Custom,Perimeter Surveillance,100.0,79.56,4.16,82.83,0.6,8.65,No,19,1.3,0,0.2773333333333333,0.05425000000000004,0.039999999999999994,0.0,0.008799999999999954,0.08650000000000001,0.15833333333333333,9.983566666666665,High priority / low risk
MSN-2023-014905,DRN-0535,2023-10-01,06:32:36,Parrot,Tower Inspection,96.43,87.17,1.42,84.71,1.32,10.57,No,28,0.5,0,0.09466666666666666,0.0072500000000001565,0.328,0.0,0.0,0.1057,0.23333333333333334,9.984100000000003,High priority / low risk
MSN-2021-005108,DRN-0273,2021-10-10,00:34:03,Autel,Tower Inspection,91.2,93.69,1.64,83.72,0.57,24.32,No,56,3.2,0,0.10933333333333332,0.03200000000000003,0.02799999999999998,0.0,0.0,0.2432,0.4666666666666667,9.9856,High priority / low risk
MSN-2024-008641,DRN-0565,2024-04-11,22:48:53,Custom,Perimeter Surveillance,94.38,93.06,5.19,96.67,0.6,20.61,No,2,1.0,0,0.34600000000000003,0.0,0.039999999999999994,0.0,0.0,0.2061,0.016666666666666666,9.987466666666666,High priority / low risk
MSN-2025-001240,DRN-0712,2025-08-12,08:52:12,DJI,Site Survey,88.39,89.75,1.16,83.96,0.96,22.87,No,32,8.3,0,0.07733333333333332,0.026000000000000155,0.184,0.05366666666666665,0.0,0.22870000000000001,0.26666666666666666,9.992933333333337,High priority / low risk
MSN-2024-002249,DRN-0708,2024-11-19,08:44:35,Autel,Wind Turbine Inspection,90.26,96.82,2.2,84.37,1.29,19.54,No,6,5.0,0,0.14666666666666667,0.015749999999999886,0.316,0.0,0.0,0.1954,0.05,9.997366666666666,High priority / low risk
MSN-2024-005537,DRN-0143,2024-09-16,02:39:33,Custom,Precision Spraying,82.73,94.64,3.82,94.16,0.24,9.45,No,3,3.3,0,0.25466666666666665,0.0,0.0,0.2423333333333332,0.0,0.09449999999999999,0.025,10.001333333333331,High priority / low risk
MSN-2021-011562,DRN-0608,2021-11-03,09:28:36,Custom,Site Survey,95.08,89.5,1.62,98.54,0.4,22.45,No,70,7.7,0,0.10800000000000001,0.0,0.0,0.0,0.0,0.2245,0.5833333333333334,10.005333333333336,High priority / low risk
MSN-2025-003428,DRN-0760,2025-01-25,08:47:46,Custom,Wind Turbine Inspection,94.36,78.48,3.51,83.72,0.8,16.04,No,13,0.9,0,0.23399999999999999,0.03200000000000003,0.12000000000000002,0.0,0.03039999999999992,0.1604,0.10833333333333334,10.013733333333333,High priority / low risk
MSN-2026-000061,DRN-0319,2026-07-27,17:36:59,Autel,Field Mapping,100.0,80.27,3.45,93.66,0.38,24.48,No,36,1.6,0,0.23,0.0,0.0,0.0,0.0,0.24480000000000002,0.3,10.0184,High priority / low risk
MSN-2021-002011,DRN-0135,2021-10-20,05:24:04,DJI,Thermal Inspection,92.4,82.81,0.67,91.11,1.59,30.4,No,6,4.7,0,0.04466666666666667,0.0,0.43600000000000005,0.0,0.0,0.304,0.05,10.018666666666668,High priority / low risk
MSN-2024-006315,DRN-0367,2024-11-14,01:39:41,Custom,Field Mapping,92.03,94.61,1.67,79.39,1.03,17.66,No,8,3.9,0,0.11133333333333333,0.14024999999999999,0.21200000000000002,0.0,0.0,0.1766,0.06666666666666667,10.021300000000002,High priority / low risk
MSN-2022-002811,DRN-0393,2022-05-01,01:00:15,Custom,Stockpile Measurement,80.89,89.98,2.9,86.28,0.3,13.79,No,5,3.3,0,0.19333333333333333,0.0,0.0,0.30366666666666664,0.0,0.1379,0.041666666666666664,10.024533333333332,High priority / low risk
MSN-2026-000926,DRN-0533,2026-01-21,02:47:42,Custom,Crop Health Survey,87.05,84.47,2.08,79.89,0.34,7.91,No,32,7.2,0,0.13866666666666666,0.12774999999999997,0.0,0.09833333333333343,0.0,0.0791,0.26666666666666666,10.0263,High priority / low risk
MSN-2024-002252,DRN-0647,2024-07-26,01:57:57,DJI,Site Survey,100.0,78.18,1.28,78.01,0.62,1.55,No,47,7.7,0,0.08533333333333333,0.17474999999999988,0.048,0.0,0.03639999999999986,0.0155,0.39166666666666666,10.026699999999996,High priority / low risk
MSN-2023-011786,DRN-0766,2023-07-17,20:56:01,Parrot,Site Survey,95.99,81.82,2.58,91.94,0.67,0.57,No,63,7.9,0,0.17200000000000001,0.0,0.06800000000000002,0.0,0.0,0.005699999999999999,0.525,10.031600000000001,High priority / low risk
MSN-2025-013526,DRN-0376,2025-10-24,13:50:02,Autel,Power Line Inspection,94.57,92.86,2.87,78.56,0.27,8.45,No,27,3.7,0,0.19133333333333333,0.16099999999999995,0.0,0.0,0.0,0.08449999999999999,0.225,10.033333333333333,High priority / low risk
MSN-2025-014511,DRN-0585,2025-07-05,19:49:28,DJI,Power Line Inspection,95.32,98.3,3.53,91.38,0.59,15.88,No,37,2.6,0,0.2353333333333333,0.0,0.03599999999999999,0.0,0.0,0.1588,0.30833333333333335,10.035066666666665,High priority / low risk
MSN-2026-010514,DRN-0536,2026-05-04,05:49:34,Autel,Perimeter Surveillance,94.03,82.42,1.65,93.74,0.26,22.29,No,70,2.3,0,0.11,0.0,0.0,0.0,0.0,0.2229,0.5833333333333334,10.036533333333333,High priority / low risk
MSN-2025-004245,DRN-0462,2025-10-15,23:08:11,Autel,Site Survey,94.34,93.86,3.1,90.05,1.36,2.23,No,6,2.6,0,0.20666666666666667,0.0,0.34400000000000003,0.0,0.0,0.0223,0.05,10.041066666666667,High priority / low risk
MSN-2023-014868,DRN-0766,2023-01-12,14:51:24,Autel,Thermal Inspection,96.33,98.01,4.58,84.76,0.99,2.99,No,3,1.9,0,0.30533333333333335,0.005999999999999872,0.196,0.0,0.0,0.029900000000000003,0.025,10.058533333333331,High priority / low risk
MSN-2021-014791,DRN-0692,2021-10-05,14:44:58,Custom,Wind Turbine Inspection,91.81,85.17,0.58,78.87,1.02,21.35,No,22,3.1,0,0.03866666666666666,0.1532499999999999,0.20800000000000002,0.0,0.0,0.21350000000000002,0.18333333333333332,10.0625,High priority / low risk
MSN-2025-002991,DRN-0604,2025-05-16,10:40:19,Custom,Search and Rescue,94.83,97.01,1.23,90.48,1.21,19.21,No,33,0.6,0,0.082,0.0,0.284,0.0,0.0,0.19210000000000002,0.275,10.0668,High priority / low risk
MSN-2025-005041,DRN-0615,2025-09-21,23:46:31,Autel,Thermal Inspection,83.98,95.22,3.3,90.29,0.28,18.79,No,11,6.2,0,0.22,0.0,0.0,0.20066666666666652,0.0,0.18789999999999998,0.09166666666666666,10.069199999999999,High priority / low risk
MSN-2025-003544,DRN-0254,2025-01-24,15:25:02,Custom,Site Survey,84.06,80.62,1.2,83.84,0.46,11.65,No,49,3.7,0,0.08,0.028999999999999915,0.0,0.19799999999999993,0.0,0.1165,0.4083333333333333,10.06933333333333,High priority / low risk
MSN-2022-006065,DRN-0663,2022-10-21,20:41:45,Custom,Network Site Survey,89.27,89.55,2.45,81.56,0.72,26.34,No,15,8.4,0,0.16333333333333336,0.08599999999999994,0.088,0.024333333333333467,0.0,0.2634,0.125,10.071200000000001,High priority / low risk
MSN-2023-001078,DRN-0568,2023-07-12,17:08:42,DJI,Site Survey,96.0,98.7,2.17,93.67,1.49,15.81,No,1,3.2,0,0.14466666666666667,0.0,0.396,0.0,0.0,0.15810000000000002,0.008333333333333333,10.074800000000003,High priority / low risk
MSN-2025-007675,DRN-0137,2025-09-05,04:55:26,DJI,Tower Inspection,86.63,88.21,1.7,84.79,1.27,8.59,No,11,8.3,0,0.11333333333333333,0.005249999999999843,0.308,0.11233333333333348,0.0,0.0859,0.09166666666666666,10.076366666666667,High priority / low risk
MSN-2023-007395,DRN-0645,2023-11-24,13:41:53,DJI,Wind Turbine Inspection,96.21,94.47,1.65,85.86,1.52,14.95,No,9,2.9,0,0.11,0.0,0.40800000000000003,0.0,0.0,0.1495,0.075,10.078000000000001,High priority / low risk
MSN-2025-006982,DRN-0374,2025-07-31,03:33:44,Custom,Stockpile Measurement,88.21,81.56,1.09,91.45,0.87,33.2,No,35,2.6,0,0.07266666666666667,0.0,0.148,0.059666666666666875,0.0,0.332,0.2916666666666667,10.07866666666667,High priority / low risk
MSN-2026-003909,DRN-0226,2026-01-04,07:19:31,DJI,Tower Inspection,92.8,82.11,2.86,79.36,0.45,24.19,No,17,6.3,0,0.19066666666666665,0.14100000000000001,0.0,0.0,0.0,0.2419,0.14166666666666666,10.084533333333335,High priority / low risk
MSN-2022-003996,DRN-0700,2022-02-02,10:11:40,Custom,Precision Spraying,90.63,83.78,3.26,94.78,0.95,33.8,No,1,0.7,0,0.21733333333333332,0.0,0.18,0.0,0.0,0.33799999999999997,0.008333333333333333,10.088666666666667,High priority / low risk
MSN-2022-004195,DRN-0299,2022-10-18,19:48:51,Custom,Safety Monitoring,93.13,87.96,3.86,97.16,0.48,3.26,No,50,1.2,0,0.2573333333333333,0.0,0.0,0.0,0.0,0.0326,0.4166666666666667,10.0888,High priority / low risk
MSN-2024-013043,DRN-0154,2024-10-22,19:28:28,Custom,Stockpile Measurement,89.68,79.03,2.34,84.14,1.27,18.61,No,2,4.5,0,0.156,0.021499999999999984,0.308,0.010666666666666439,0.019399999999999976,0.1861,0.016666666666666666,10.090999999999998,High priority / low risk
MSN-2025-011688,DRN-0147,2025-03-03,07:57:46,DJI,Road Survey,85.88,99.4,3.37,83.05,0.34,15.84,No,13,4.3,0,0.22466666666666668,0.04875000000000007,0.0,0.13733333333333347,0.0,0.15839999999999999,0.10833333333333334,10.09336666666667,High priority / low risk
MSN-2021-000782,DRN-0364,2021-07-10,09:59:12,DJI,Perimeter Surveillance,93.88,97.96,3.92,81.54,0.31,0.51,No,33,6.0,0,0.2613333333333333,0.08649999999999984,0.0,0.0,0.0,0.0051,0.275,10.09713333333333,High priority / low risk
MSN-2024-004905,DRN-0332,2024-01-26,04:42:27,DJI,Search and Rescue,99.34,92.68,3.82,94.66,0.51,0.3,No,53,3.7,0,0.25466666666666665,0.0,0.0040000000000000036,0.0,0.0,0.003,0.44166666666666665,10.099333333333332,High priority / low risk
MSN-2021-006625,DRN-0315,2021-11-08,09:47:55,Parrot,Power Line Inspection,86.9,80.12,2.93,82.85,0.22,4.88,No,36,5.0,0,0.19533333333333333,0.053750000000000145,0.0,0.10333333333333314,0.0,0.048799999999999996,0.3,10.1019,High priority / low risk
MSN-2023-006974,DRN-0589,2023-05-08,23:32:00,Autel,Road Survey,98.66,99.4,3.97,83.77,1.03,0.14,No,9,3.2,0,0.26466666666666666,0.0307500000000001,0.21200000000000002,0.0,0.0,0.0014000000000000002,0.075,10.105366666666669,High priority / low risk
MSN-2024-005949,DRN-0229,2024-10-20,02:58:50,Custom,Road Survey,83.15,80.72,2.4,93.51,0.67,8.61,No,21,6.3,0,0.16,0.0,0.06800000000000002,0.22833333333333314,0.0,0.0861,0.175,10.107466666666665,High priority / low risk
MSN-2021-010093,DRN-0213,2021-06-29,04:25:36,Autel,Network Site Survey,96.04,92.28,1.96,99.91,0.83,7.97,No,57,5.9,0,0.13066666666666665,0.0,0.13199999999999998,0.0,0.0,0.0797,0.475,10.110266666666668,High priority / low risk
MSN-2025-005607,DRN-0428,2025-05-24,19:10:26,Autel,Field Mapping,84.44,98.62,3.75,94.59,0.16,21.03,No,4,2.6,0,0.25,0.0,0.0,0.1853333333333334,0.0,0.21030000000000001,0.03333333333333333,10.110400000000002,High priority / low risk
MSN-2025-010808,DRN-0158,2025-10-08,08:56:34,Custom,Network Site Survey,90.66,95.36,4.14,97.4,0.43,29.68,No,20,8.2,0,0.27599999999999997,0.0,0.0,0.0,0.0,0.2968,0.16666666666666666,10.113066666666667,High priority / low risk
MSN-2024-012012,DRN-0564,2024-05-01,13:47:34,DJI,Road Survey,88.47,86.58,2.49,79.11,0.55,28.96,No,6,6.8,0,0.166,0.14725000000000002,0.020000000000000018,0.05100000000000004,0.0,0.2896,0.05,10.113300000000002,High priority / low risk
MSN-2021-002926,DRN-0342,2021-10-19,18:52:37,Custom,Medical Delivery,97.51,79.91,0.95,69.02,0.44,16.85,No,2,7.1,0,0.06333333333333332,0.3995000000000001,0.0,0.0,0.0018000000000000683,0.1685,0.016666666666666666,10.113400000000002,High priority / low risk
MSN-2026-001844,DRN-0563,2026-04-02,03:19:37,Custom,Bridge Inspection,84.94,88.15,1.5,78.95,0.28,8.33,No,26,2.3,0,0.1,0.15124999999999994,0.0,0.16866666666666674,0.0,0.0833,0.21666666666666667,10.116900000000001,High priority / low risk
MSN-2023-000109,DRN-0691,2023-10-02,22:14:54,Custom,Emergency Response,94.33,83.83,1.21,90.52,0.53,15.83,No,83,7.8,0,0.08066666666666666,0.0,0.01200000000000001,0.0,0.0,0.1583,0.6916666666666667,10.125733333333335,High priority / low risk
MSN-2023-014420,DRN-0287,2023-01-11,23:48:21,Custom,Stockpile Measurement,87.89,79.41,0.93,97.39,0.81,9.83,No,62,6.5,0,0.062000000000000006,0.0,0.12400000000000003,0.07033333333333332,0.011800000000000067,0.0983,0.5166666666666667,10.132133333333334,High priority / low risk
MSN-2026-007073,DRN-0622,2026-06-19,08:26:03,Custom,Wind Turbine Inspection,97.24,97.38,2.08,99.0,1.07,24.67,No,23,4.1,0,0.13866666666666666,0.0,0.22800000000000004,0.0,0.0,0.24670000000000003,0.19166666666666668,10.132933333333334,High priority / low risk
MSN-2022-011372,DRN-0675,2022-03-11,11:39:05,Parrot,Thermal Inspection,97.38,79.23,0.97,95.01,0.51,17.16,No,86,3.5,0,0.06466666666666666,0.0,0.0040000000000000036,0.0,0.01539999999999992,0.1716,0.7166666666666667,10.141333333333332,High priority / low risk
MSN-2025-005005,DRN-0228,2025-08-21,17:42:55,Custom,Search and Rescue,88.01,86.46,0.6,93.0,1.47,23.77,No,12,5.5,0,0.04,0.0,0.388,0.06633333333333316,0.0,0.2377,0.1,10.142266666666666,High priority / low risk
MSN-2025-000315,DRN-0680,2025-09-28,16:24:21,DJI,Thermal Inspection,89.84,88.52,3.66,89.74,0.79,5.16,No,32,6.9,0,0.24400000000000002,0.0,0.11600000000000002,0.0053333333333332195,0.0,0.0516,0.26666666666666666,10.146133333333331,High priority / low risk
MSN-2021-005083,DRN-0527,2021-09-26,04:08:33,Custom,Medical Delivery,96.09,91.55,1.48,94.8,0.4,40.4,No,57,7.4,0,0.09866666666666667,0.0,0.0,0.0,0.0,0.40399999999999997,0.475,10.152666666666667,High priority / low risk
MSN-2021-004689,DRN-0622,2021-02-07,19:37:25,Parrot,Crop Health Survey,92.09,85.02,0.84,91.2,0.65,17.68,No,80,0.7,0,0.056,0.0,0.06000000000000001,0.0,0.0,0.17679999999999998,0.6666666666666666,10.153066666666666,High priority / low risk
MSN-2023-004024,DRN-0197,2023-07-20,07:58:51,Custom,Construction Progress,92.2,79.82,4.31,91.15,0.25,23.65,No,23,1.4,0,0.28733333333333333,0.0,0.0,0.0,0.0036000000000001365,0.2365,0.19166666666666668,10.158800000000001,High priority / low risk
MSN-2024-002481,DRN-0333,2024-10-29,23:07:38,DJI,Solar Farm Inspection,95.23,85.5,1.53,95.82,1.19,12.1,No,37,5.3,0,0.10200000000000001,0.0,0.27599999999999997,0.0,0.0,0.121,0.30833333333333335,10.159333333333334,High priority / low risk
MSN-2026-000215,DRN-0563,2026-06-20,03:06:54,Parrot,Bridge Inspection,90.68,99.53,0.79,98.67,1.58,15.16,No,21,2.7,0,0.05266666666666667,0.0,0.43200000000000005,0.0,0.0,0.1516,0.175,10.169466666666668,High priority / low risk
MSN-2026-009693,DRN-0103,2026-03-07,21:54:09,Parrot,Safety Monitoring,88.65,90.16,3.59,91.02,0.88,1.86,No,24,7.5,0,0.23933333333333331,0.0,0.152,0.04499999999999981,0.0,0.018600000000000002,0.2,10.17213333333333,High priority / low risk
MSN-2021-007218,DRN-0376,2021-11-09,18:29:11,Custom,Thermal Inspection,89.4,96.4,2.2,82.0,1.04,13.06,No,15,0.5,0,0.14666666666666667,0.075,0.21600000000000003,0.01999999999999981,0.0,0.1306,0.125,10.175466666666663,High priority / low risk
MSN-2022-010895,DRN-0223,2022-10-29,15:16:53,Custom,Crop Health Survey,100.0,92.53,1.94,80.88,0.74,30.82,No,20,2.5,0,0.12933333333333333,0.10300000000000012,0.096,0.0,0.0,0.30820000000000003,0.16666666666666666,10.175600000000003,High priority / low risk
MSN-2023-010899,DRN-0763,2023-05-23,13:13:32,Custom,Road Survey,88.32,98.71,3.29,99.5,0.44,9.18,No,46,7.2,0,0.21933333333333332,0.0,0.0,0.05600000000000023,0.0,0.09179999999999999,0.38333333333333336,10.17706666666667,High priority / low risk
MSN-2023-010332,DRN-0710,2023-03-08,15:51:15,Custom,Thermal Inspection,95.09,88.7,1.12,93.85,0.51,19.54,No,83,3.1,0,0.07466666666666667,0.0,0.0040000000000000036,0.0,0.0,0.1954,0.6916666666666667,10.178533333333334,High priority / low risk
MSN-2022-006470,DRN-0658,2022-09-05,15:31:12,Custom,Stockpile Measurement,86.0,86.62,2.81,85.09,0.33,4.47,No,46,7.7,0,0.18733333333333332,0.0,0.0,0.13333333333333333,0.0,0.0447,0.38333333333333336,10.178933333333335,High priority / low risk
MSN-2023-006978,DRN-0154,2023-04-22,01:28:27,Autel,Emergency Response,93.92,98.82,1.16,74.62,0.83,24.5,No,0,4.2,0,0.07733333333333332,0.2594999999999999,0.13199999999999998,0.0,0.0,0.245,0.0,10.18033333333333,High priority / low risk
MSN-2024-011558,DRN-0684,2024-04-10,16:39:19,Autel,Safety Monitoring,96.58,85.9,1.05,85.11,1.1,14.98,No,49,3.7,0,0.07,0.0,0.24000000000000005,0.0,0.0,0.14980000000000002,0.4083333333333333,10.181733333333334,High priority / low risk
MSN-2026-007918,DRN-0465,2026-03-02,06:41:03,DJI,Emergency Response,86.68,83.27,1.49,97.94,0.18,13.94,No,64,1.9,0,0.09933333333333333,0.0,0.0,0.11066666666666644,0.0,0.1394,0.5333333333333333,10.183199999999998,High priority / low risk
MSN-2022-006431,DRN-0217,2022-08-01,14:10:23,Custom,Solar Farm Inspection,92.4,99.82,3.36,87.97,0.19,25.13,No,39,3.6,0,0.224,0.0,0.0,0.0,0.0,0.25129999999999997,0.325,10.1884,High priority / low risk
MSN-2021-000958,DRN-0463,2021-02-09,15:01:01,DJI,Power Line Inspection,88.45,90.18,5.63,95.74,0.5,8.91,No,6,5.4,0,0.37533333333333335,0.0,0.0,0.05166666666666657,0.0,0.0891,0.05,10.193466666666664,High priority / low risk
MSN-2025-006278,DRN-0661,2025-10-02,18:05:10,DJI,Wind Turbine Inspection,97.54,83.48,1.07,73.52,0.66,9.2,No,22,3.6,0,0.07133333333333333,0.2870000000000001,0.06400000000000002,0.0,0.0,0.092,0.18333333333333332,10.200666666666669,High priority / low risk
MSN-2021-001713,DRN-0133,2021-12-23,12:38:55,Custom,Construction Progress,97.89,88.49,3.12,99.1,1.01,17.97,No,16,1.5,0,0.20800000000000002,0.0,0.20400000000000001,0.0,0.0,0.1797,0.13333333333333333,10.202933333333334,High priority / low risk
MSN-2022-005545,DRN-0410,2022-02-08,09:56:44,Custom,Perimeter Surveillance,92.13,92.7,4.86,82.81,0.46,4.28,No,21,1.3,0,0.324,0.054749999999999945,0.0,0.0,0.0,0.042800000000000005,0.175,10.205899999999998,High priority / low risk
MSN-2025-001253,DRN-0704,2025-03-03,10:50:33,Autel,Construction Progress,88.86,98.66,3.63,82.08,0.51,19.64,No,17,5.7,0,0.242,0.07300000000000004,0.0040000000000000036,0.03800000000000002,0.0,0.19640000000000002,0.14166666666666666,10.213866666666668,High priority / low risk
MSN-2023-012195,DRN-0451,2023-01-27,23:24:49,Parrot,Stockpile Measurement,96.97,94.82,2.94,88.69,0.62,0.9,No,62,6.3,0,0.196,0.0,0.048,0.0,0.0,0.009000000000000001,0.5166666666666667,10.222666666666667,High priority / low risk
MSN-2025-008823,DRN-0243,2025-12-11,04:12:42,DJI,Bridge Inspection,93.88,79.7,1.37,78.23,0.26,32.74,No,30,2.2,0,0.09133333333333334,0.1692499999999999,0.0,0.0,0.005999999999999943,0.3274,0.25,10.223033333333332,High priority / low risk
MSN-2021-005771,DRN-0285,2021-12-17,05:17:41,Autel,Solar Farm Inspection,89.6,90.45,2.31,82.32,0.5,17.0,No,49,2.7,0,0.154,0.06700000000000017,0.0,0.013333333333333523,0.0,0.17,0.4083333333333333,10.224000000000006,High priority / low risk
MSN-2025-011632,DRN-0154,2025-09-30,21:55:03,Custom,Power Line Inspection,93.44,81.76,2.76,82.27,1.27,7.97,No,0,8.0,0,0.184,0.0682500000000001,0.308,0.0,0.0,0.0797,0.0,10.226100000000002,High priority / low risk
MSN-2024-010478,DRN-0450,2024-12-13,15:32:54,Parrot,Site Survey,96.13,97.12,2.89,94.4,1.12,10.62,No,20,0.6,0,0.19266666666666668,0.0,0.24800000000000005,0.0,0.0,0.10619999999999999,0.16666666666666666,10.226933333333335,High priority / low risk
MSN-2023-004753,DRN-0587,2023-11-04,18:17:00,Parrot,Site Survey,85.16,97.04,3.23,88.06,0.58,9.85,No,24,0.8,0,0.21533333333333332,0.0,0.03199999999999999,0.16133333333333344,0.0,0.09849999999999999,0.2,10.232000000000001,High priority / low risk
MSN-2025-009731,DRN-0413,2025-05-12,10:16:49,DJI,Safety Monitoring,95.63,93.59,3.23,89.2,0.31,10.36,No,56,2.1,0,0.21533333333333332,0.0,0.0,0.0,0.0,0.1036,0.4666666666666667,10.232800000000001,High priority / low risk
MSN-2026-011274,DRN-0231,2026-07-12,08:43:38,Custom,Construction Progress,92.85,93.04,3.82,97.19,0.28,29.77,No,27,1.4,0,0.25466666666666665,0.0,0.0,0.0,0.0,0.2977,0.225,10.234266666666668,High priority / low risk
MSN-2022-009799,DRN-0189,2022-09-08,10:22:07,Custom,Warehouse Transfer,96.66,90.56,2.54,84.29,0.54,42.32,No,31,7.6,0,0.16933333333333334,0.017749999999999842,0.016000000000000014,0.0,0.0,0.4232,0.25833333333333336,10.237766666666664,High priority / low risk
MSN-2022-002943,DRN-0743,2022-01-25,14:17:23,Parrot,Road Survey,83.74,98.71,2.53,94.48,0.99,8.7,No,2,5.8,0,0.16866666666666666,0.0,0.196,0.20866666666666683,0.0,0.087,0.016666666666666666,10.238666666666669,High priority / low risk
MSN-2024-007601,DRN-0217,2024-11-01,02:18:51,DJI,Solar Farm Inspection,99.86,79.0,1.49,80.06,0.92,22.91,No,18,4.3,0,0.09933333333333333,0.12349999999999994,0.168,0.0,0.02,0.2291,0.15,10.253133333333333,High priority / low risk
MSN-2025-009543,DRN-0254,2025-10-19,04:33:45,DJI,Solar Farm Inspection,86.44,97.49,1.0,76.75,0.17,3.08,No,38,7.3,0,0.06666666666666667,0.20625,0.0,0.11866666666666674,0.0,0.0308,0.31666666666666665,10.253566666666666,High priority / low risk
MSN-2024-005457,DRN-0741,2024-07-10,07:02:44,Custom,Tower Inspection,97.54,87.02,1.38,87.07,1.53,17.3,No,13,4.6,0,0.092,0.0,0.41200000000000003,0.0,0.0,0.17300000000000001,0.10833333333333334,10.259333333333336,High priority / low risk
MSN-2021-012190,DRN-0363,2021-06-27,20:18:41,Custom,Site Survey,97.74,85.87,1.81,77.34,0.32,12.4,No,38,7.6,0,0.12066666666666667,0.19149999999999992,0.0,0.0,0.0,0.124,0.31666666666666665,10.260333333333332,High priority / low risk
MSN-2021-011735,DRN-0414,2021-03-28,06:46:53,DJI,Field Mapping,98.17,82.38,1.49,77.18,0.2,12.16,No,43,7.1,0,0.09933333333333333,0.19549999999999984,0.0,0.0,0.0,0.1216,0.35833333333333334,10.260466666666664,High priority / low risk
MSN-2025-005642,DRN-0139,2025-05-31,03:42:14,Parrot,Road Survey,93.6,92.75,3.24,83.4,0.25,22.37,No,36,5.6,0,0.21600000000000003,0.039999999999999855,0.0,0.0,0.0,0.2237,0.3,10.261599999999998,High priority / low risk
MSN-2022-011456,DRN-0493,2022-05-30,13:28:15,Parrot,Site Survey,99.21,90.18,5.46,98.23,0.51,5.68,No,21,1.8,0,0.364,0.0,0.0040000000000000036,0.0,0.0,0.056799999999999996,0.175,10.268400000000002,High priority / low risk
MSN-2024-007360,DRN-0764,2024-03-11,00:18:51,Custom,Safety Monitoring,84.42,84.24,3.56,88.26,0.33,10.75,No,19,6.5,0,0.23733333333333334,0.0,0.0,0.18599999999999994,0.0,0.1075,0.15833333333333333,10.268666666666666,High priority / low risk
MSN-2025-012401,DRN-0324,2025-07-29,14:03:30,DJI,Site Survey,88.53,98.79,0.59,87.38,0.45,19.48,No,86,8.4,0,0.03933333333333333,0.0,0.0,0.04899999999999996,0.0,0.1948,0.7166666666666667,10.276399999999999,High priority / low risk
MSN-2023-011598,DRN-0200,2023-05-26,21:05:36,DJI,Network Site Survey,93.1,98.47,1.49,80.9,1.16,12.13,No,19,7.6,0,0.09933333333333333,0.10249999999999986,0.26399999999999996,0.0,0.0,0.1213,0.15833333333333333,10.280066666666663,High priority / low risk
MSN-2025-005982,DRN-0767,2025-06-11,05:50:53,Parrot,Field Mapping,95.92,86.58,4.64,90.56,0.18,11.15,No,31,8.1,0,0.3093333333333333,0.0,0.0,0.0,0.0,0.1115,0.25833333333333336,10.280666666666665,High priority / low risk
MSN-2024-005509,DRN-0564,2024-10-30,12:11:14,Autel,Road Survey,94.68,88.56,1.41,75.13,0.35,21.11,No,25,5.4,0,0.094,0.2467500000000001,0.0,0.0,0.0,0.21109999999999998,0.20833333333333334,10.281633333333334,High priority / low risk
MSN-2022-004475,DRN-0504,2022-03-18,10:21:03,DJI,Safety Monitoring,97.3,97.69,1.41,80.4,1.2,19.52,No,8,6.0,0,0.094,0.11499999999999985,0.27999999999999997,0.0,0.0,0.19519999999999998,0.06666666666666667,10.286266666666664,High priority / low risk
MSN-2024-007958,DRN-0333,2024-09-24,17:23:08,Custom,Tower Inspection,97.47,85.67,1.59,80.07,0.35,18.68,No,51,1.6,0,0.10600000000000001,0.12325000000000016,0.0,0.0,0.0,0.1868,0.425,10.294900000000004,High priority / low risk
MSN-2023-013706,DRN-0473,2023-10-25,10:04:45,Parrot,Safety Monitoring,82.13,91.05,1.5,85.23,0.38,30.31,No,24,8.4,0,0.1,0.0,0.0,0.2623333333333335,0.0,0.3031,0.2,10.29746666666667,High priority / low risk
MSN-2022-012097,DRN-0646,2022-04-13,22:09:06,Parrot,Stockpile Measurement,100.0,92.34,4.41,92.18,0.43,29.15,No,18,2.4,0,0.294,0.0,0.0,0.0,0.0,0.2915,0.15,10.299999999999999,High priority / low risk
MSN-2023-007636,DRN-0270,2023-02-21,01:05:16,DJI,Wind Turbine Inspection,83.38,93.07,2.04,90.25,0.83,2.55,No,26,5.7,0,0.136,0.0,0.13199999999999998,0.22066666666666682,0.0,0.0255,0.21666666666666667,10.300000000000002,High priority / low risk
MSN-2022-005928,DRN-0309,2022-02-13,09:19:22,DJI,Safety Monitoring,88.97,94.89,0.9,85.12,1.24,32.57,No,21,5.8,0,0.060000000000000005,0.0,0.296,0.03433333333333337,0.0,0.3257,0.175,10.30026666666667,High priority / low risk
MSN-2024-002322,DRN-0188,2024-01-16,13:20:28,Parrot,Site Survey,84.21,90.98,2.67,93.68,0.37,5.58,No,39,3.7,0,0.178,0.0,0.0,0.1930000000000002,0.0,0.0558,0.325,10.314400000000003,High priority / low risk
MSN-2021-003411,DRN-0642,2021-10-21,22:50:22,Custom,Wind Turbine Inspection,88.94,82.01,2.49,73.7,0.35,11.51,No,2,6.5,0,0.166,0.2824999999999999,0.0,0.03533333333333341,0.0,0.1151,0.016666666666666666,10.319133333333333,High priority / low risk
MSN-2024-009055,DRN-0546,2024-06-20,01:37:34,DJI,Perimeter Surveillance,98.73,84.87,5.93,92.96,0.35,16.14,No,4,8.2,0,0.3953333333333333,0.0,0.0,0.0,0.0,0.16140000000000002,0.03333333333333333,10.321866666666667,High priority / low risk
MSN-2025-014479,DRN-0341,2025-10-06,02:19:48,Custom,Site Survey,99.31,97.38,1.27,92.21,0.81,16.34,No,65,7.9,0,0.08466666666666667,0.0,0.12400000000000003,0.0,0.0,0.1634,0.5416666666666666,10.322533333333334,High priority / low risk
MSN-2021-001337,DRN-0332,2021-07-26,14:22:17,DJI,Bridge Inspection,94.3,81.02,1.16,87.33,1.61,0.92,No,28,4.6,0,0.07733333333333332,0.0,0.44400000000000006,0.0,0.0,0.0092,0.23333333333333334,10.324266666666668,High priority / low risk
MSN-2021-002065,DRN-0751,2021-05-09,09:20:16,Custom,Site Survey,96.59,81.74,5.3,81.85,0.18,1.68,No,12,8.4,0,0.35333333333333333,0.07875000000000014,0.0,0.0,0.0,0.0168,0.1,10.325233333333337,High priority / low risk
MSN-2023-013430,DRN-0681,2023-11-08,05:40:47,Custom,Wind Turbine Inspection,100.0,82.79,2.92,77.54,0.24,16.96,No,16,6.3,0,0.19466666666666665,0.18649999999999983,0.0,0.0,0.0,0.1696,0.13333333333333333,10.329799999999997,High priority / low risk
MSN-2022-002646,DRN-0320,2022-08-23,15:07:17,Parrot,Stockpile Measurement,88.74,98.22,1.7,99.78,1.23,26.06,No,13,7.2,0,0.11333333333333333,0.0,0.292,0.04200000000000017,0.0,0.2606,0.10833333333333334,10.33746666666667,High priority / low risk
MSN-2022-014738,DRN-0725,2022-11-10,08:16:47,DJI,Bridge Inspection,100.0,80.92,0.53,89.68,1.85,24.02,No,1,1.5,0,0.035333333333333335,0.0,0.54,0.0,0.0,0.2402,0.008333333333333333,10.342266666666669,High priority / low risk
MSN-2026-002016,DRN-0652,2026-02-19,03:09:25,Custom,Bridge Inspection,83.85,96.29,0.62,93.5,1.04,4.7,No,38,1.6,0,0.04133333333333333,0.0,0.21600000000000003,0.20500000000000018,0.0,0.047,0.31666666666666665,10.346000000000002,High priority / low risk
MSN-2024-013167,DRN-0724,2024-03-30,18:27:25,Custom,Road Survey,89.81,82.84,3.61,82.3,0.6,34.64,No,5,7.1,0,0.24066666666666667,0.06750000000000007,0.039999999999999994,0.006333333333333258,0.0,0.3464,0.041666666666666664,10.3462,High priority / low risk
MSN-2026-001121,DRN-0420,2026-01-09,21:25:05,Parrot,Network Site Survey,91.45,93.05,1.98,91.97,1.58,5.02,No,12,8.3,0,0.132,0.0,0.43200000000000005,0.0,0.0,0.050199999999999995,0.1,10.353600000000002,High priority / low risk
MSN-2024-013339,DRN-0580,2024-05-23,08:30:55,DJI,Site Survey,99.93,87.26,1.38,93.77,0.51,23.26,No,77,6.5,0,0.092,0.0,0.0040000000000000036,0.0,0.0,0.23260000000000003,0.6416666666666667,10.357466666666667,High priority / low risk
MSN-2026-003762,DRN-0209,2026-01-29,12:00:52,Custom,Solar Farm Inspection,91.03,80.86,1.86,79.8,0.35,20.32,No,44,4.9,0,0.12400000000000001,0.13000000000000006,0.0,0.0,0.0,0.2032,0.36666666666666664,10.36026666666667,High priority / low risk
MSN-2021-009255,DRN-0141,2021-01-27,10:31:14,Custom,Road Survey,93.69,98.61,3.02,83.6,0.8,24.46,No,20,1.2,0,0.20133333333333334,0.03500000000000014,0.12000000000000002,0.0,0.0,0.2446,0.16666666666666666,10.362800000000004,High priority / low risk
MSN-2021-004251,DRN-0349,2021-01-09,01:00:57,Parrot,Solar Farm Inspection,84.16,90.96,2.82,90.46,0.29,3.15,No,39,7.8,0,0.188,0.0,0.0,0.1946666666666668,0.0,0.0315,0.325,10.363333333333335,High priority / low risk
MSN-2025-008467,DRN-0221,2025-11-13,23:37:00,Custom,Precision Spraying,90.33,81.39,1.18,86.13,0.51,54.12,No,51,7.1,0,0.07866666666666666,0.0,0.0040000000000000036,0.0,0.0,0.5412,0.425,10.366266666666668,High priority / low risk
MSN-2021-008400,DRN-0121,2021-05-10,08:12:39,Autel,Thermal Inspection,91.09,99.38,1.66,74.16,0.48,21.51,No,16,5.7,0,0.11066666666666666,0.2710000000000001,0.0,0.0,0.0,0.2151,0.13333333333333333,10.366800000000001,High priority / low risk
MSN-2021-005690,DRN-0601,2021-07-12,03:49:07,Custom,Field Mapping,91.45,82.38,0.75,76.93,0.99,23.74,No,12,7.7,0,0.05,0.20174999999999982,0.196,0.0,0.0,0.23739999999999997,0.1,10.374699999999997,High priority / low risk
MSN-2021-009229,DRN-0608,2021-11-02,05:24:43,Custom,Road Survey,95.15,92.86,1.94,84.05,0.83,20.94,No,43,4.3,0,0.12933333333333333,0.02375000000000007,0.13199999999999998,0.0,0.0,0.2094,0.35833333333333334,10.379366666666668,High priority / low risk
MSN-2024-004564,DRN-0628,2024-05-03,19:48:45,Parrot,Perimeter Surveillance,93.39,94.73,3.04,84.16,0.31,21.57,No,46,5.1,0,0.20266666666666666,0.021000000000000085,0.0,0.0,0.0,0.2157,0.38333333333333336,10.395600000000002,High priority / low risk
MSN-2026-007964,DRN-0750,2026-04-02,10:04:11,Autel,Bridge Inspection,91.0,97.52,2.29,86.65,0.19,27.68,No,58,2.5,0,0.15266666666666667,0.0,0.0,0.0,0.0,0.2768,0.48333333333333334,10.4064,High priority / low risk
MSN-2023-008075,DRN-0593,2023-11-18,18:40:41,Autel,Warehouse Transfer,92.51,82.49,1.25,88.39,0.57,61.71,No,39,6.0,0,0.08333333333333333,0.0,0.02799999999999998,0.0,0.0,0.6171,0.325,10.412133333333333,High priority / low risk
MSN-2021-010624,DRN-0295,2021-11-23,21:37:06,DJI,Perimeter Surveillance,83.77,93.83,2.61,89.38,0.56,8.44,No,32,5.3,0,0.174,0.0,0.02400000000000002,0.2076666666666668,0.0,0.08439999999999999,0.26666666666666666,10.413200000000002,High priority / low risk
MSN-2022-000064,DRN-0154,2022-06-03,17:39:36,Autel,Network Site Survey,100.0,88.38,1.68,98.89,0.45,15.03,No,81,2.3,0,0.112,0.0,0.0,0.0,0.0,0.1503,0.675,10.416400000000001,High priority / low risk
MSN-2023-001623,DRN-0703,2023-01-28,13:16:48,DJI,Stockpile Measurement,96.46,83.5,1.81,82.89,0.83,27.74,No,33,6.5,0,0.12066666666666667,0.052749999999999984,0.13199999999999998,0.0,0.0,0.2774,0.275,10.421366666666668,High priority / low risk
MSN-2024-012915,DRN-0557,2024-11-17,16:41:49,Autel,Field Mapping,100.0,80.66,0.91,90.38,0.63,18.09,No,83,2.2,0,0.06066666666666667,0.0,0.052000000000000005,0.0,0.0,0.1809,0.6916666666666667,10.426533333333333,High priority / low risk
MSN-2022-008369,DRN-0430,2022-06-09,13:38:30,Autel,Tower Inspection,93.83,78.43,3.31,84.16,0.98,4.27,No,23,3.4,0,0.22066666666666668,0.021000000000000085,0.192,0.0,0.031399999999999866,0.042699999999999995,0.19166666666666668,10.430133333333334,High priority / low risk
MSN-2024-005634,DRN-0668,2024-09-24,05:50:35,Autel,Tower Inspection,92.95,97.74,0.65,89.8,1.73,15.73,No,16,2.3,0,0.043333333333333335,0.0,0.492,0.0,0.0,0.1573,0.13333333333333333,10.433066666666669,High priority / low risk
MSN-2024-012804,DRN-0660,2024-12-01,03:52:46,Autel,Road Survey,91.62,79.89,1.44,74.19,0.51,22.5,No,19,3.5,0,0.096,0.27025000000000005,0.0040000000000000036,0.0,0.0021999999999999884,0.225,0.15833333333333333,10.433433333333335,High priority / low risk
MSN-2022-012459,DRN-0358,2022-08-21,02:49:43,Custom,Thermal Inspection,89.95,92.18,2.54,86.21,0.22,26.35,No,55,5.1,0,0.16933333333333334,0.0,0.0,0.001666666666666572,0.0,0.2635,0.4583333333333333,10.44,High priority / low risk
MSN-2024-002360,DRN-0532,2024-06-13,01:47:34,Parrot,Stockpile Measurement,100.0,97.42,1.94,89.64,0.66,7.74,No,73,1.5,0,0.12933333333333333,0.0,0.06400000000000002,0.0,0.0,0.0774,0.6083333333333333,10.443866666666668,High priority / low risk
MSN-2023-006256,DRN-0381,2023-04-05,16:15:43,Parrot,Network Site Survey,95.47,96.04,3.36,88.16,0.73,28.95,No,23,5.0,0,0.224,0.0,0.092,0.0,0.0,0.2895,0.19166666666666668,10.448666666666668,High priority / low risk
MSN-2024-007995,DRN-0477,2024-03-20,08:02:03,Autel,Crop Health Survey,94.72,82.4,4.5,81.21,0.54,21.97,No,2,4.9,0,0.3,0.09475000000000015,0.016000000000000014,0.0,0.0,0.21969999999999998,0.016666666666666666,10.45376666666667,High priority / low risk
MSN-2025-009635,DRN-0101,2025-04-07,06:02:37,DJI,Road Survey,100.0,96.86,3.46,98.15,1.05,12.1,No,16,6.0,0,0.23066666666666666,0.0,0.22000000000000003,0.0,0.0,0.121,0.13333333333333333,10.456,High priority / low risk
MSN-2023-011997,DRN-0706,2023-11-09,14:03:19,Autel,Thermal Inspection,97.21,96.42,2.14,91.36,1.21,29.32,No,12,3.8,0,0.14266666666666666,0.0,0.284,0.0,0.0,0.2932,0.1,10.460266666666667,High priority / low risk
MSN-2024-002570,DRN-0412,2024-11-10,03:20:05,Custom,Perimeter Surveillance,91.19,87.9,2.52,81.8,1.1,20.53,No,4,5.1,0,0.168,0.08000000000000007,0.24000000000000005,0.0,0.0,0.2053,0.03333333333333333,10.471733333333336,High priority / low risk
MSN-2022-002136,DRN-0173,2022-05-17,14:29:32,Autel,Perimeter Surveillance,92.98,83.01,1.12,93.1,0.94,9.81,No,67,0.9,0,0.07466666666666667,0.0,0.176,0.0,0.0,0.0981,0.5583333333333333,10.4748,High priority / low risk
MSN-2022-005188,DRN-0531,2022-09-29,05:00:07,Parrot,Search and Rescue,93.07,90.06,4.79,95.86,0.48,26.46,No,16,5.7,0,0.31933333333333336,0.0,0.0,0.0,0.0,0.2646,0.13333333333333333,10.475466666666666,High priority / low risk
MSN-2024-009696,DRN-0280,2024-12-13,22:36:36,DJI,Perimeter Surveillance,90.61,95.26,4.4,99.98,0.79,17.48,No,12,7.5,0,0.29333333333333333,0.0,0.11600000000000002,0.0,0.0,0.1748,0.1,10.475733333333334,High priority / low risk
MSN-2025-009691,DRN-0141,2025-04-01,23:55:51,Parrot,Tower Inspection,93.73,98.48,3.51,99.22,0.91,14.99,No,22,6.4,0,0.23399999999999999,0.0,0.164,0.0,0.0,0.1499,0.18333333333333332,10.476533333333334,High priority / low risk
MSN-2025-005460,DRN-0282,2025-04-27,01:37:38,Autel,Site Survey,93.33,94.96,3.6,89.32,0.75,28.77,No,18,3.1,0,0.24000000000000002,0.0,0.1,0.0,0.0,0.2877,0.15,10.4816,High priority / low risk
MSN-2022-003654,DRN-0420,2022-11-25,06:09:22,DJI,Perimeter Surveillance,95.54,79.96,0.79,85.53,1.26,21.6,No,40,3.0,0,0.05266666666666667,0.0,0.304,0.0,0.000800000000000125,0.21600000000000003,0.3333333333333333,10.4824,High priority / low risk
MSN-2025-000335,DRN-0703,2025-07-08,15:25:14,Autel,Field Mapping,95.75,90.08,4.69,87.47,0.64,24.91,No,10,7.7,0,0.3126666666666667,0.0,0.05600000000000001,0.0,0.0,0.2491,0.08333333333333333,10.488800000000001,High priority / low risk
MSN-2021-008632,DRN-0533,2021-09-11,12:54:02,Custom,Precision Spraying,86.51,82.04,2.13,99.28,0.74,25.75,No,28,7.0,0,0.142,0.0,0.096,0.11633333333333316,0.0,0.2575,0.23333333333333334,10.489999999999998,High priority / low risk
MSN-2024-013873,DRN-0725,2024-03-04,19:30:33,Custom,Solar Farm Inspection,91.75,99.74,1.05,92.18,1.61,26.91,No,7,4.9,0,0.07,0.0,0.44400000000000006,0.0,0.0,0.2691,0.058333333333333334,10.492133333333335,High priority / low risk
MSN-2022-004044,DRN-0393,2022-12-28,22:08:48,Custom,Warehouse Transfer,89.61,89.85,2.03,82.96,1.05,20.91,No,20,0.9,0,0.13533333333333333,0.051000000000000156,0.22000000000000003,0.013000000000000018,0.0,0.2091,0.16666666666666666,10.496800000000004,High priority / low risk
MSN-2023-001629,DRN-0564,2023-09-19,00:43:09,Parrot,Bridge Inspection,98.25,89.49,1.56,85.4,1.33,9.14,No,34,6.6,0,0.10400000000000001,0.0,0.332,0.0,0.0,0.09140000000000001,0.2833333333333333,10.500533333333333,High priority / low risk
MSN-2023-000550,DRN-0762,2023-06-08,01:52:07,DJI,Road Survey,82.14,84.99,1.46,94.84,0.95,17.81,No,9,0.8,0,0.09733333333333333,0.0,0.18,0.26199999999999996,0.0,0.17809999999999998,0.075,10.504133333333332,High priority / low risk
MSN-2023-010901,DRN-0396,2023-09-03,16:55:26,Parrot,Field Mapping,91.03,86.85,2.4,94.38,0.36,22.75,No,62,7.4,0,0.16,0.0,0.0,0.0,0.0,0.2275,0.5166666666666667,10.506666666666668,High priority / low risk
MSN-2024-011847,DRN-0631,2024-03-21,23:00:50,Custom,Emergency Response,94.8,80.82,4.45,79.69,0.31,16.8,No,3,6.3,0,0.2966666666666667,0.13275000000000006,0.0,0.0,0.0,0.168,0.025,10.510166666666668,High priority / low risk
MSN-2024-011302,DRN-0251,2024-04-03,01:25:54,Parrot,Field Mapping,92.78,88.44,1.89,90.9,1.22,29.73,No,16,4.1,0,0.126,0.0,0.288,0.0,0.0,0.2973,0.13333333333333333,10.515733333333333,High priority / low risk
MSN-2024-007242,DRN-0558,2024-05-08,17:54:07,Autel,Thermal Inspection,98.8,99.56,1.76,90.28,1.75,2.35,No,9,4.5,0,0.11733333333333333,0.0,0.5,0.0,0.0,0.0235,0.075,10.519333333333334,High priority / low risk
MSN-2022-001458,DRN-0249,2022-08-20,03:17:34,Custom,Perimeter Surveillance,80.96,97.38,1.96,86.5,0.5,0.12,No,41,5.3,0,0.13066666666666665,0.0,0.0,0.30133333333333356,0.0,0.0012,0.3416666666666667,10.519600000000004,High priority / low risk
MSN-2022-004106,DRN-0142,2022-10-13,19:51:40,Autel,Construction Progress,77.8,98.73,1.33,90.68,0.48,8.98,No,26,1.9,0,0.08866666666666667,0.0,0.0,0.4066666666666668,0.0,0.0898,0.21666666666666667,10.529066666666669,High priority / low risk
MSN-2024-005570,DRN-0189,2024-08-23,20:26:38,Autel,Wind Turbine Inspection,88.05,85.75,4.74,94.27,0.15,27.14,No,6,3.6,0,0.316,0.0,0.0,0.0650000000000001,0.0,0.27140000000000003,0.05,10.5332,High priority / low risk
MSN-2022-000205,DRN-0741,2022-10-05,21:24:59,DJI,Emergency Response,97.5,89.76,1.66,92.0,1.19,17.63,No,34,7.6,0,0.11066666666666666,0.0,0.27599999999999997,0.0,0.0,0.17629999999999998,0.2833333333333333,10.5424,High priority / low risk
MSN-2021-000208,DRN-0179,2021-11-15,15:52:55,Parrot,Solar Farm Inspection,94.29,89.67,4.46,90.68,0.4,22.94,No,26,7.0,0,0.29733333333333334,0.0,0.0,0.0,0.0,0.22940000000000002,0.21666666666666667,10.5432,High priority / low risk
MSN-2022-000565,DRN-0467,2022-12-24,11:27:58,Custom,Perimeter Surveillance,85.69,89.63,2.1,81.58,0.83,4.98,No,20,4.0,0,0.14,0.08550000000000005,0.13199999999999998,0.14366666666666675,0.0,0.049800000000000004,0.16666666666666666,10.543400000000002,High priority / low risk
MSN-2023-004655,DRN-0458,2023-12-24,07:36:16,Custom,Perimeter Surveillance,92.56,87.86,3.06,86.44,0.93,9.15,No,35,4.5,0,0.20400000000000001,0.0,0.17200000000000001,0.0,0.0,0.0915,0.2916666666666667,10.544666666666668,High priority / low risk
MSN-2025-001355,DRN-0753,2025-05-30,17:59:51,Autel,Construction Progress,84.76,86.51,1.66,94.43,1.05,10.46,No,21,8.2,0,0.11066666666666666,0.0,0.22000000000000003,0.1746666666666665,0.0,0.10460000000000001,0.175,10.5468,High priority / low risk
MSN-2021-000740,DRN-0703,2021-12-10,19:21:59,Custom,Stockpile Measurement,100.0,79.48,1.13,99.85,1.59,27.57,No,6,3.7,0,0.07533333333333332,0.0,0.43600000000000005,0.0,0.01039999999999992,0.2757,0.05,10.550133333333333,High priority / low risk
MSN-2021-002168,DRN-0472,2021-07-04,22:21:49,Custom,Precision Spraying,83.77,81.69,3.5,86.71,0.56,10.53,No,16,8.2,0,0.23333333333333334,0.0,0.02400000000000002,0.2076666666666668,0.0,0.10529999999999999,0.13333333333333333,10.552400000000002,High priority / low risk
MSN-2024-001171,DRN-0283,2024-09-23,13:23:13,Custom,Road Survey,91.69,96.5,4.36,81.31,0.51,28.54,No,2,0.9,0,0.2906666666666667,0.09224999999999994,0.0040000000000000036,0.0,0.0,0.2854,0.016666666666666666,10.561033333333333,High priority / low risk
MSN-2025-012185,DRN-0175,2025-11-19,13:04:11,Custom,Warehouse Transfer,92.49,97.6,3.62,98.14,0.44,55.23,No,10,5.4,0,0.24133333333333334,0.0,0.0,0.0,0.0,0.5523,0.08333333333333333,10.561066666666665,High priority / low risk
MSN-2022-002741,DRN-0518,2022-01-08,19:10:33,DJI,Search and Rescue,98.57,97.61,0.63,91.67,0.88,32.41,No,59,5.7,0,0.042,0.0,0.152,0.0,0.0,0.32409999999999994,0.49166666666666664,10.561466666666666,High priority / low risk
MSN-2021-012532,DRN-0294,2021-01-08,01:08:22,Custom,Tower Inspection,88.97,78.93,4.38,81.62,0.45,1.68,No,22,7.0,0,0.292,0.08449999999999988,0.0,0.03433333333333337,0.021399999999999864,0.0168,0.18333333333333332,10.564599999999997,High priority / low risk
MSN-2023-000170,DRN-0462,2023-07-24,01:13:13,DJI,Bridge Inspection,99.97,81.82,2.37,87.07,1.41,17.67,No,7,5.7,0,0.158,0.0,0.364,0.0,0.0,0.17670000000000002,0.058333333333333334,10.568933333333334,High priority / low risk
MSN-2021-000342,DRN-0194,2021-01-24,16:23:48,DJI,Emergency Response,89.28,82.74,3.77,94.25,1.16,7.41,No,5,2.6,0,0.25133333333333335,0.0,0.26399999999999996,0.023999999999999962,0.0,0.0741,0.041666666666666664,10.5708,High priority / low risk
MSN-2021-009178,DRN-0119,2021-10-26,05:21:41,DJI,Solar Farm Inspection,87.93,82.97,2.86,82.52,0.18,5.95,No,46,3.5,0,0.19066666666666665,0.0620000000000001,0.0,0.06899999999999977,0.0,0.059500000000000004,0.38333333333333336,10.585999999999999,High priority / low risk
MSN-2025-006909,DRN-0577,2025-06-05,22:48:37,DJI,Search and Rescue,91.37,83.03,3.31,99.16,1.06,18.9,No,13,5.3,0,0.22066666666666668,0.0,0.22400000000000003,0.0,0.0,0.18899999999999997,0.10833333333333334,10.586,High priority / low risk
MSN-2025-005559,DRN-0651,2025-06-24,09:43:58,Custom,Emergency Response,92.74,79.36,1.07,99.47,1.73,0.34,No,24,3.5,0,0.07133333333333333,0.0,0.492,0.0,0.012800000000000011,0.0034000000000000002,0.2,10.586933333333334,High priority / low risk
MSN-2023-003768,DRN-0721,2023-09-10,04:08:50,DJI,Crop Health Survey,87.42,87.28,1.89,87.01,0.37,23.36,No,57,3.7,0,0.126,0.0,0.0,0.08599999999999994,0.0,0.2336,0.475,10.5948,High priority / low risk
MSN-2024-002598,DRN-0544,2024-02-23,15:24:40,Autel,Construction Progress,96.51,89.67,1.11,86.72,0.92,13.96,No,66,3.4,0,0.07400000000000001,0.0,0.168,0.0,0.0,0.1396,0.55,10.5968,High priority / low risk
MSN-2025-000237,DRN-0771,2025-01-23,19:53:05,Autel,Bridge Inspection,90.85,94.44,2.01,99.75,1.2,13.28,No,32,7.0,0,0.13399999999999998,0.0,0.27999999999999997,0.0,0.0,0.1328,0.26666666666666666,10.597066666666667,High priority / low risk
MSN-2024-014598,DRN-0124,2024-12-16,15:17:19,Autel,Construction Progress,83.77,96.25,3.75,97.46,0.35,27.43,No,0,3.9,0,0.25,0.0,0.0,0.2076666666666668,0.0,0.2743,0.0,10.601733333333335,High priority / low risk
MSN-2025-008770,DRN-0585,2025-03-17,03:48:51,Autel,Thermal Inspection,91.53,82.7,4.9,87.84,0.66,15.94,No,15,6.9,0,0.3266666666666667,0.0,0.06400000000000002,0.0,0.0,0.1594,0.125,10.607866666666668,High priority / low risk
MSN-2025-007227,DRN-0237,2025-06-17,20:10:12,Parrot,Search and Rescue,94.22,84.78,3.39,81.29,0.25,2.91,No,45,7.0,0,0.226,0.09274999999999985,0.0,0.0,0.0,0.0291,0.375,10.624299999999998,High priority / low risk
MSN-2022-003152,DRN-0759,2022-01-17,12:33:31,DJI,Bridge Inspection,85.71,95.93,1.63,73.78,0.2,10.64,No,4,5.6,0,0.10866666666666666,0.28049999999999997,0.0,0.1430000000000002,0.0,0.10640000000000001,0.03333333333333333,10.626200000000004,High priority / low risk
MSN-2024-009017,DRN-0598,2024-03-28,03:02:32,DJI,Wind Turbine Inspection,89.17,97.27,4.56,93.83,0.77,9.87,No,15,2.3,0,0.304,0.0,0.10800000000000001,0.02766666666666661,0.0,0.0987,0.125,10.626933333333334,High priority / low risk
MSN-2025-010343,DRN-0218,2025-07-11,18:42:33,Autel,Parcel Delivery,98.77,94.45,1.9,82.73,0.23,36.41,No,47,8.4,0,0.12666666666666665,0.0567499999999999,0.0,0.0,0.0,0.3641,0.39166666666666666,10.637633333333332,High priority / low risk
MSN-2023-006751,DRN-0213,2023-06-28,23:04:16,Autel,Precision Spraying,97.75,90.63,1.07,96.52,0.73,70.18,No,26,0.6,0,0.07133333333333333,0.0,0.092,0.0,0.0,0.7018000000000001,0.21666666666666667,10.6384,High priority / low risk
MSN-2022-003324,DRN-0230,2022-08-03,13:22:49,Custom,Tower Inspection,89.72,86.02,2.6,98.72,1.44,14.77,No,3,7.9,0,0.17333333333333334,0.0,0.376,0.00933333333333337,0.0,0.1477,0.025,10.639600000000002,High priority / low risk
MSN-2023-004019,DRN-0600,2023-02-24,20:00:35,Custom,Search and Rescue,88.82,98.11,0.87,83.17,0.82,7.69,No,67,3.1,0,0.058,0.04574999999999996,0.12799999999999997,0.03933333333333356,0.0,0.07690000000000001,0.5583333333333333,10.640700000000002,High priority / low risk
MSN-2022-009875,DRN-0302,2022-12-14,18:55:05,Parrot,Emergency Response,85.7,87.34,1.84,95.63,0.64,18.67,No,44,2.5,0,0.12266666666666667,0.0,0.05600000000000001,0.14333333333333323,0.0,0.1867,0.36666666666666664,10.6496,High priority / low risk
MSN-2025-010278,DRN-0569,2025-06-30,07:39:00,Custom,Search and Rescue,89.36,87.52,2.78,74.63,0.18,20.14,No,0,8.2,0,0.18533333333333332,0.2592500000000001,0.0,0.021333333333333353,0.0,0.2014,0.0,10.6537,High priority / low risk
MSN-2023-001839,DRN-0150,2023-11-09,02:38:17,Custom,Thermal Inspection,84.38,95.26,4.46,89.12,0.5,17.58,No,1,1.6,0,0.29733333333333334,0.0,0.0,0.1873333333333335,0.0,0.17579999999999998,0.008333333333333333,10.653733333333335,High priority / low risk
MSN-2022-014759,DRN-0712,2022-07-13,02:54:46,Custom,Field Mapping,96.41,88.78,1.23,91.98,1.48,24.33,No,17,6.8,0,0.082,0.0,0.392,0.0,0.0,0.2433,0.14166666666666666,10.655066666666668,High priority / low risk
MSN-2022-002643,DRN-0198,2022-09-10,00:22:33,Parrot,Tower Inspection,96.41,82.33,1.59,87.1,1.38,28.98,No,13,7.3,0,0.10600000000000001,0.0,0.352,0.0,0.0,0.2898,0.10833333333333334,10.661733333333334,High priority / low risk
MSN-2021-009282,DRN-0119,2021-02-13,17:01:15,DJI,Emergency Response,95.11,84.22,5.54,87.32,0.71,11.81,No,5,0.6,0,0.36933333333333335,0.0,0.08399999999999999,0.0,0.0,0.11810000000000001,0.041666666666666664,10.6628,High priority / low risk
MSN-2024-014309,DRN-0145,2024-03-17,10:54:58,Custom,Site Survey,92.26,81.81,2.01,80.57,0.96,25.8,No,13,3.7,0,0.13399999999999998,0.11075000000000017,0.184,0.0,0.0,0.258,0.10833333333333334,10.664833333333338,High priority / low risk
MSN-2025-011207,DRN-0209,2025-10-12,14:36:31,Custom,Field Mapping,90.34,82.01,1.91,84.81,1.26,27.41,No,16,2.9,0,0.12733333333333333,0.0047499999999999435,0.304,0.0,0.0,0.2741,0.13333333333333333,10.668966666666666,High priority / low risk
MSN-2021-012556,DRN-0452,2021-12-30,12:20:33,Custom,Road Survey,88.65,93.83,3.82,79.2,0.49,21.86,No,1,5.0,0,0.25466666666666665,0.14499999999999993,0.0,0.04499999999999981,0.0,0.2186,0.008333333333333333,10.674799999999998,High priority / low risk
MSN-2021-000952,DRN-0753,2021-06-27,21:45:10,DJI,Bridge Inspection,84.45,86.72,3.96,88.09,0.32,10.79,No,17,8.0,0,0.264,0.0,0.0,0.18499999999999991,0.0,0.1079,0.14166666666666666,10.677866666666667,High priority / low risk
MSN-2023-007279,DRN-0212,2023-06-17,22:33:35,Autel,Safety Monitoring,89.0,93.17,4.39,82.45,0.39,11.98,No,20,3.8,0,0.29266666666666663,0.06374999999999993,0.0,0.03333333333333333,0.0,0.1198,0.16666666666666666,10.677899999999998,High priority / low risk
MSN-2022-008955,DRN-0692,2022-02-21,09:12:46,Autel,Construction Progress,96.34,95.01,2.91,95.94,0.99,25.0,No,20,5.5,0,0.194,0.0,0.196,0.0,0.0,0.25,0.16666666666666666,10.678666666666667,High priority / low risk
MSN-2023-014372,DRN-0760,2023-08-06,07:53:24,Custom,Field Mapping,93.03,79.26,1.2,86.45,0.68,31.8,No,63,4.7,0,0.08,0.0,0.07200000000000002,0.0,0.014799999999999898,0.318,0.525,10.680399999999999,High priority / low risk
MSN-2025-005119,DRN-0423,2025-03-12,02:56:41,Custom,Medical Delivery,89.99,93.9,0.64,97.9,0.59,83.14,No,31,4.5,0,0.042666666666666665,0.0,0.03599999999999999,0.00033333333333350387,0.0,0.8314,0.25833333333333336,10.681866666666668,High priority / low risk
MSN-2026-006202,DRN-0149,2026-05-06,12:03:58,Parrot,Emergency Response,94.3,98.02,2.5,92.85,1.01,19.74,No,31,1.5,0,0.16666666666666666,0.0,0.20400000000000001,0.0,0.0,0.1974,0.25833333333333336,10.6852,High priority / low risk
MSN-2024-005313,DRN-0117,2024-02-19,05:14:40,Custom,Field Mapping,93.55,87.47,4.29,90.01,0.94,5.43,No,18,8.3,0,0.286,0.0,0.176,0.0,0.0,0.054299999999999994,0.15,10.6904,High priority / low risk
MSN-2023-000988,DRN-0365,2023-04-02,23:19:54,Custom,Field Mapping,95.71,96.01,4.79,95.6,0.24,0.08,No,44,1.8,0,0.31933333333333336,0.0,0.0,0.0,0.0,0.0008,0.36666666666666664,10.6984,High priority / low risk
MSN-2022-014935,DRN-0375,2022-10-11,16:43:35,Custom,Solar Farm Inspection,97.54,83.39,6.7,91.97,0.64,1.16,No,0,6.5,0,0.44666666666666666,0.0,0.05600000000000001,0.0,0.0,0.0116,0.0,10.703466666666667,High priority / low risk
MSN-2026-004986,DRN-0393,2026-03-09,00:06:47,Custom,Crop Health Survey,92.13,93.46,2.23,85.58,0.73,11.28,No,63,3.5,0,0.14866666666666667,0.0,0.092,0.0,0.0,0.1128,0.525,10.711066666666667,High priority / low risk
MSN-2021-003577,DRN-0748,2021-08-22,09:06:40,Autel,Emergency Response,94.84,81.44,1.92,88.35,0.27,25.8,No,70,1.6,0,0.128,0.0,0.0,0.0,0.0,0.258,0.5833333333333334,10.713333333333335,High priority / low risk
MSN-2023-004298,DRN-0641,2023-05-14,10:48:20,DJI,Search and Rescue,96.86,94.07,3.28,94.03,1.24,13.69,No,8,4.4,0,0.21866666666666665,0.0,0.296,0.0,0.0,0.1369,0.06666666666666667,10.716533333333334,High priority / low risk
MSN-2024-003695,DRN-0270,2024-12-07,16:44:11,Autel,Stockpile Measurement,80.36,99.55,2.28,91.97,0.59,10.89,No,18,7.9,0,0.152,0.0,0.03599999999999999,0.32133333333333336,0.0,0.10890000000000001,0.15,10.717866666666668,High priority / low risk
MSN-2022-010511,DRN-0564,2022-07-07,09:36:36,Custom,Construction Progress,97.42,91.75,3.17,77.69,0.75,1.62,No,15,3.0,0,0.21133333333333332,0.18275000000000005,0.1,0.0,0.0,0.016200000000000003,0.125,10.718433333333333,High priority / low risk
MSN-2025-008236,DRN-0537,2025-11-14,19:49:44,Custom,Solar Farm Inspection,94.98,96.04,4.88,89.45,0.55,30.6,No,10,6.1,0,0.3253333333333333,0.0,0.020000000000000018,0.0,0.0,0.306,0.08333333333333333,10.718666666666666,High priority / low risk
MSN-2021-003035,DRN-0515,2021-05-11,04:03:38,DJI,Site Survey,95.55,81.12,5.1,88.91,0.25,29.16,No,11,8.3,0,0.33999999999999997,0.0,0.0,0.0,0.0,0.2916,0.09166666666666666,10.729466666666667,High priority / low risk
MSN-2026-013895,DRN-0710,2026-06-25,13:03:42,Autel,Road Survey,81.94,89.33,2.08,94.87,0.19,27.11,No,21,7.2,0,0.13866666666666666,0.0,0.0,0.2686666666666667,0.0,0.2711,0.175,10.730800000000002,High priority / low risk
MSN-2021-011841,DRN-0617,2021-11-04,10:18:06,Custom,Search and Rescue,91.22,95.73,0.77,80.23,0.86,4.45,No,61,1.7,0,0.051333333333333335,0.1192499999999999,0.144,0.0,0.0,0.044500000000000005,0.5083333333333333,10.731166666666665,High priority / low risk
MSN-2022-012289,DRN-0733,2022-10-19,01:48:40,Custom,Site Survey,90.64,80.68,4.23,93.6,0.67,23.87,No,20,8.4,0,0.28200000000000003,0.0,0.06800000000000002,0.0,0.0,0.23870000000000002,0.16666666666666666,10.732266666666668,High priority / low risk
MSN-2026-000107,DRN-0182,2026-06-06,06:40:16,Parrot,Solar Farm Inspection,97.94,90.56,4.19,91.64,1.02,2.22,No,18,3.4,0,0.2793333333333334,0.0,0.20800000000000002,0.0,0.0,0.0222,0.15,10.734933333333336,High priority / low risk
MSN-2022-003506,DRN-0221,2022-07-28,19:52:33,Autel,Safety Monitoring,82.71,91.6,2.81,97.12,0.17,15.17,No,24,6.4,0,0.18733333333333332,0.0,0.0,0.24300000000000022,0.0,0.1517,0.2,10.736933333333338,High priority / low risk
MSN-2025-001146,DRN-0429,2025-05-08,15:13:52,DJI,Field Mapping,90.04,82.31,1.54,80.57,0.84,17.73,No,38,4.8,0,0.10266666666666667,0.11075000000000017,0.13599999999999998,0.0,0.0,0.1773,0.31666666666666665,10.741233333333335,High priority / low risk
MSN-2022-012726,DRN-0451,2022-11-29,14:15:58,Custom,Parcel Delivery,91.76,78.41,4.36,89.5,0.25,29.28,No,21,7.3,0,0.2906666666666667,0.0,0.0,0.0,0.03180000000000007,0.2928,0.175,10.741466666666668,High priority / low risk
MSN-2022-004113,DRN-0233,2022-05-26,14:05:05,Autel,Safety Monitoring,88.21,79.67,4.01,82.28,0.55,27.8,No,3,6.3,0,0.2673333333333333,0.06799999999999998,0.020000000000000018,0.059666666666666875,0.006599999999999966,0.278,0.025,10.74746666666667,High priority / low risk
MSN-2022-000997,DRN-0161,2022-01-09,05:07:00,Custom,Emergency Response,96.43,87.33,4.87,91.81,0.49,15.96,No,28,8.1,0,0.32466666666666666,0.0,0.0,0.0,0.0,0.15960000000000002,0.23333333333333334,10.7528,High priority / low risk
MSN-2025-008404,DRN-0165,2025-05-30,16:31:34,Custom,Field Mapping,99.67,80.02,1.33,93.5,0.44,17.35,No,89,5.4,0,0.08866666666666667,0.0,0.0,0.0,0.0,0.17350000000000002,0.7416666666666667,10.755333333333333,High priority / low risk
MSN-2023-013275,DRN-0182,2023-04-16,10:50:54,DJI,Perimeter Surveillance,87.84,94.97,2.07,83.57,0.55,27.58,No,43,3.3,0,0.13799999999999998,0.03575000000000017,0.020000000000000018,0.07199999999999988,0.0,0.2758,0.35833333333333334,10.757233333333335,High priority / low risk
MSN-2021-005051,DRN-0255,2021-06-05,21:52:11,Custom,Power Line Inspection,100.0,80.86,3.56,90.46,0.61,27.15,No,33,3.2,0,0.23733333333333334,0.0,0.044,0.0,0.0,0.27149999999999996,0.275,10.759333333333332,High priority / low risk
MSN-2022-014203,DRN-0607,2022-01-02,08:32:14,Autel,Emergency Response,93.69,80.92,4.53,91.71,0.65,20.16,No,20,0.8,0,0.302,0.0,0.06000000000000001,0.0,0.0,0.2016,0.16666666666666666,10.763466666666668,High priority / low risk
MSN-2021-011439,DRN-0596,2021-01-03,03:18:03,Custom,Bridge Inspection,89.44,90.54,3.66,90.57,0.77,23.42,No,21,1.6,0,0.24400000000000002,0.0,0.10800000000000001,0.01866666666666674,0.0,0.23420000000000002,0.175,10.764933333333335,High priority / low risk
MSN-2026-008677,DRN-0209,2026-07-21,19:52:54,DJI,Field Mapping,89.67,83.88,0.87,72.45,0.67,19.62,No,14,4.2,0,0.058,0.3137499999999999,0.06800000000000002,0.010999999999999944,0.0,0.1962,0.11666666666666667,10.765766666666664,High priority / low risk
MSN-2024-002139,DRN-0199,2024-09-11,00:02:23,Custom,Crop Health Survey,88.36,92.26,4.43,81.19,0.22,21.32,No,1,1.4,0,0.29533333333333334,0.09525000000000006,0.0,0.05466666666666668,0.0,0.2132,0.008333333333333333,10.766100000000002,High priority / low risk
MSN-2022-010987,DRN-0585,2022-10-16,02:42:20,Autel,Site Survey,77.43,85.3,1.44,97.77,0.56,20.29,No,10,4.5,0,0.096,0.0,0.02400000000000002,0.41899999999999976,0.0,0.2029,0.08333333333333333,10.77053333333333,High priority / low risk
MSN-2021-010903,DRN-0339,2021-03-09,07:43:57,Custom,Thermal Inspection,92.59,81.11,4.81,88.28,0.49,25.72,No,20,2.5,0,0.32066666666666666,0.0,0.0,0.0,0.0,0.2572,0.16666666666666666,10.778933333333333,High priority / low risk
MSN-2021-011980,DRN-0597,2021-10-03,16:54:45,Autel,Solar Farm Inspection,91.75,79.14,2.68,87.19,0.75,7.05,No,57,8.0,0,0.17866666666666667,0.0,0.1,0.0,0.01719999999999999,0.0705,0.475,10.782266666666668,High priority / low risk
MSN-2022-005383,DRN-0118,2022-10-24,14:14:34,DJI,Site Survey,96.6,99.05,1.22,75.82,0.53,0.38,No,56,4.4,0,0.08133333333333333,0.22950000000000018,0.01200000000000001,0.0,0.0,0.0038,0.4666666666666667,10.785400000000003,High priority / low risk
MSN-2025-008274,DRN-0220,2025-04-01,23:14:07,Autel,Construction Progress,83.96,92.39,1.64,90.1,0.31,30.99,No,37,7.6,0,0.10933333333333332,0.0,0.0,0.20133333333333353,0.0,0.3099,0.30833333333333335,10.786533333333336,High priority / low risk
MSN-2025-005426,DRN-0176,2025-01-24,07:07:17,DJI,Emergency Response,100.0,84.84,3.71,89.34,0.26,7.56,No,57,1.5,0,0.24733333333333332,0.0,0.0,0.0,0.0,0.0756,0.475,10.796133333333332,High priority / low risk
MSN-2021-007473,DRN-0774,2021-07-06,22:37:05,Custom,Warehouse Transfer,85.67,92.22,2.72,81.03,0.51,9.8,No,26,7.3,0,0.18133333333333335,0.09924999999999998,0.0040000000000000036,0.14433333333333329,0.0,0.098,0.21666666666666667,10.803166666666666,High priority / low risk
MSN-2026-001549,DRN-0417,2026-05-02,17:41:33,Autel,Construction Progress,80.75,79.72,0.71,85.89,0.54,25.15,No,38,6.9,0,0.04733333333333333,0.0,0.016000000000000014,0.30833333333333335,0.0056000000000000225,0.2515,0.31666666666666665,10.80546666666667,High priority / low risk
MSN-2025-003372,DRN-0644,2025-08-12,06:16:36,DJI,Power Line Inspection,96.15,83.47,1.46,86.06,1.34,2.66,No,45,3.9,0,0.09733333333333333,0.0,0.336,0.0,0.0,0.026600000000000002,0.375,10.808133333333334,High priority / low risk
